id,username,created_at,lng,lat,text
1516461684151525378,Crosby71,Tue Apr 19 17:00:14 +0000 2022,-3.0044560000000002,53.4698505,"@AdamBienkov Sorry but shouldn't she be concentrating on the UKs failing economy, at least be seen to help those th‚Ä¶ https://t.co/jsYU4lTSb3"
1516461685674070019,StephenShanaha7,Tue Apr 19 17:00:15 +0000 2022,-2.3495665,53.475303499999995,@cold957 Beautiful
1516461686315696128,exmoorjane,Tue Apr 19 17:00:15 +0000 2022,-3.5148764999999997,50.72094,@fantasticpru @StarCur1 I have exit envy.
1516461688941420557,robstaton,Tue Apr 19 17:00:15 +0000 2022,-1.6364945,52.806216,Will be good this‚Ä¶ send in your questions for Neil @BBCSheffield
1516461693127307269,ochkenny,Tue Apr 19 17:00:16 +0000 2022,-3.452863,56.06718,@BrianSpanner1 So @marceldirsus has just said.
1516461695308378112,clealakes,Tue Apr 19 17:00:17 +0000 2022,-5.6650741,54.4110584,"17:50 Temp. 13.4¬∞C, Hum. 59%, Dewp. 4.5¬∞C, Bar. 1018 hpa, Rain Today 0.1000 mm, Wind 171¬∞ 4.0 km/h"
1516461696419835909,uberALFRED,Tue Apr 19 17:00:17 +0000 2022,-0.0601675,51.547644500000004,Why does my uniform take a more than a month to arrive?????? üôÉ
1516461697640325124,Kranitoko,Tue Apr 19 17:00:17 +0000 2022,-2.1213295,51.4616195,"It's mad to think that if someone worked for 40 ish years earning somewhere between ¬£25-30k a year, they'll have ea‚Ä¶ https://t.co/1eaxzPOO3j"
1516461700786098178,Bazouteast1,Tue Apr 19 17:00:18 +0000 2022,0.07886299999999999,51.584990000000005,"@Kevin_Maguire But ü§° just ignores everything, with the support of (most of) his spineless mates."
1516461703474597899,BallyhaunisWX,Tue Apr 19 17:00:19 +0000 2022,-8.71508189,53.78044718,"17:46 Temp. 12.4¬∞C, Hum. 76%, Dewp. 7.3¬∞C, Bar. 1030.7 hpa, Rain Today 5.7000 mm, Wind 313¬∞ 6.8 km/h"
1516461706486198277,Christi06828636,Tue Apr 19 17:00:19 +0000 2022,-0.7640635,52.033567000000005,Starmer  never mentions  Ukraine  because he knows Borris  is doing great there
1516461706993672193,NeilDrysdale,Tue Apr 19 17:00:20 +0000 2022,-2.1270405,57.160556,"@ilovechippans Nope, lived in a street which was unfortunately named after former provost Jimmy Dick!"
1516461710588137475,roballbright,Tue Apr 19 17:00:20 +0000 2022,-0.20434,51.30308599999999,@tompa2417_alan @SkySports_Keith Loved reading this‚Äô üëçüëçüëç
1516461710902808583,KyleMaleVocal,Tue Apr 19 17:00:21 +0000 2022,-2.264325,53.7942165,@houseofchaos18 Lololololololololololol... I just blink nicely at the Mrs when I want something... It does me no go‚Ä¶ https://t.co/FRyQBpHrCG
1516461711326384131,SimonGBrooks,Tue Apr 19 17:00:21 +0000 2022,-3.927119,50.997507,"@ItsJustMeDottie Oh gosh, sorry to hear that and hope family are okay? Not surprised with very little sleep and oth‚Ä¶ https://t.co/Hj5c3mrhff"
1516461712102375429,purplepenguin81,Tue Apr 19 17:00:21 +0000 2022,0.21058949999999999,51.560587,Made a friend https://t.co/A3HlNASL59
1516461714270736392,SieurdePonthieu,Tue Apr 19 17:00:21 +0000 2022,-0.39004099999999997,50.8313395,@StewartTaylor92 @Mike___MK @AyAyRon86 @DJNSussex Not to be tasted when sampling strong meat
1516461714430173184,FLOSC0WGIRL,Tue Apr 19 17:00:21 +0000 2022,-2.23348,53.4569525,smash https://t.co/cBU0bbfhPx
1516461715751378952,drewconcannon,Tue Apr 19 17:00:22 +0000 2022,-0.882951,52.238854,"@BBCPolitics ‚Äò.. by way of mitigation..‚Äô FFSJohnson, the serial liar shows no sign of changing even when caught..‚Ä¶ https://t.co/O64VETvXWr"
1516461718444122121,jamesmcgill63,Tue Apr 19 17:00:22 +0000 2022,-4.200441,57.739454,@sophielouisecc @DavidPedder5 Whip removed immediately
1516461724366483458,Marta_Malinko,Tue Apr 19 17:00:24 +0000 2022,0.1862015,51.278716,@cryptokiddo7 Bionic Nature collection üçÑhttps://t.co/pZGI7WciLs https://t.co/9qxvM2rphO
1516461725494779910,hkneil,Tue Apr 19 17:00:24 +0000 2022,-1.13109291,51.24060402,"17:54 Temp. 15.2¬∞C, Hum. 47%, Dewp. 3.5¬∞C, Bar. 1015.2 hpa, Rain Today 0 mm, Wind 333¬∞ 4.0 km/h"
1516461726388174861,chrisbrooke1971,Tue Apr 19 17:00:24 +0000 2022,-4.0016169999999995,52.404436,"@geocon1713 There are so many connotations. It‚Äôs not something a vast percentage of people would ever consider, but‚Ä¶ https://t.co/rJnkkPgoXm"
1516461728258797572,trevtheegg,Tue Apr 19 17:00:25 +0000 2022,-2.3312305,53.4559985,@sophiegrenham English do it (well the nice ones)
1516461732683816968,John_K_Nugent,Tue Apr 19 17:00:26 +0000 2022,-0.33706250000000004,51.595833,@lumpusme @piersmorgan Run with the hare and hunt with the hounds comes to mind
1516461734474752002,cararoooney,Tue Apr 19 17:00:26 +0000 2022,-2.955045,56.476952,the t-shirt is vegan and made from 100% organic cotton and is available for the next 21 days üíõ https://t.co/rlOegFh8Cw
1516461742477430789,QuirkySpiritual,Tue Apr 19 17:00:28 +0000 2022,-0.3329,52.036444,"Hi, if you chose Card 3 here's your card's meaning, hope it brings you some guidance? Luv Sally ‚ù§Ô∏è x https://t.co/h7gYNNp0ZO"
1516461744947924993,FLOSC0WGIRL,Tue Apr 19 17:00:29 +0000 2022,-2.23348,53.4569525,holy christ my baby https://t.co/60taFgaKiE
1516461745426124804,heatherbetsy,Tue Apr 19 17:00:29 +0000 2022,-6.2476215,53.354902499999994,We haven't decided yet.
1516461747846139907,nakedfingers,Tue Apr 19 17:00:29 +0000 2022,-1.2334335,51.75428599999999,Underwear should have a year of manufacture stamped on them so you know when you bought them. A sort of best before for pants.
1516461751352627205,RevertedWolf,Tue Apr 19 17:00:30 +0000 2022,-2.147965,52.5801345,@Lana_Austin1 I just wish I had the technical skills to stick you face on Mrs. Deagle from this clip in #Gremlins. üòÇ https://t.co/MXKuu71m1J
1516461754661982214,BenJamesPhotos,Tue Apr 19 17:00:31 +0000 2022,-0.191723,50.839574999999996,@chris_alpacas @bbcweather Thank you Chris x
1516461756180307980,DAVIDCCOHEN1,Tue Apr 19 17:00:31 +0000 2022,-0.148936,51.500092,@MrBarrymore Please come back to TV I'm fed up with Ant and Dec lol
1516461762798829585,Inspiredbyabjay,Tue Apr 19 17:00:33 +0000 2022,-0.22554249999999998,51.979155,@Clo_TheWantedx @TomParker Who actually created this?You or @urtinyson
1516461769996263432,Kimmlennon,Tue Apr 19 17:00:35 +0000 2022,0.286119,50.7820255,@warrenmorgan @Liam09094 @paulwaugh @Keir_Starmer @BorisJohnson Because he wants to move on. It's not a Criminal co‚Ä¶ https://t.co/uW4KsVtcUV
1516461771640430600,migj209,Tue Apr 19 17:00:35 +0000 2022,0.5115780000000001,52.2204505,Today revisited lovely village pub in #Norfolk we've known for 10 years only to be availed by a boastful woman of h‚Ä¶ https://t.co/DryNUX4svM
1516461771745370115,OisinOhAlmhain,Tue Apr 19 17:00:35 +0000 2022,-6.2476215,53.354902499999994,Today Hyundai Shetland Pony here considered themselves too important to queue behind about 30 cars. Cut in front of‚Ä¶ https://t.co/KuWyiK8zcl
1516461772571619340,timmsy_ks,Tue Apr 19 17:00:35 +0000 2022,-2.096208,53.6011235,@juliabard @lewis_goodall Do you really need to ask that question?Because it was in the national interest to prot‚Ä¶ https://t.co/tixSLZcNKi
1516461771028148224,OldHullCity,Tue Apr 19 17:00:35 +0000 2022,-0.390151,53.740535,#hcafc End of an Era Merch https://t.co/AqZ3HVrKdV
1516461776166129671,subwayarmy39,Tue Apr 19 17:00:36 +0000 2022,-2.450214,52.638180000000006,Another good session in the Gym with my Lad üí™üèª #WeightTraining #Fitness https://t.co/1OB1tYXYp1
1516461777537708035,AlanaWheat,Tue Apr 19 17:00:36 +0000 2022,-2.2038685,52.526056499999996,Interested in seeing what we find in the #RiverChurnet? üåä Citizen Science River Sampling: https://t.co/YvNf03UOnX‚Ä¶ https://t.co/KMEwHzHpXJ
1516461780511432709,Katharine_OD,Tue Apr 19 17:00:37 +0000 2022,-0.29742999999999997,51.514752,"Films watched over the Atlantic ‚úàÔ∏è Boiling Point ‚Ä¢ Spencer ‚Ä¢ Sound of Metal ‚Ä¢ Summer of Soul (or, when the revoluti‚Ä¶ https://t.co/3EKmkQUC7Y"
1516461786396082181,AlunD90,Tue Apr 19 17:00:39 +0000 2022,-3.3124320000000003,51.593558,Might invest in some of these! https://t.co/lXJ30FNZeX
1516461790418329602,Trap12_,Tue Apr 19 17:00:39 +0000 2022,-1.7856895,51.5730085,I wanna do one of those blood test kits but I don‚Äôt wanna be giving companies my blood like that
1516461790493880321,TomDouglas95,Tue Apr 19 17:00:40 +0000 2022,-6.174398500000001,53.257283,If @IrishRail isn't sending these put to the successful applicants then what's the point @iresimpsonsfans
1516461792037269508,Hannanar,Tue Apr 19 17:00:40 +0000 2022,-0.57048,51.23709,hoes reunited ü•∞-@noorperacha @catcattiecat @heatherhanalei @ Guildford https://t.co/8cXdrhKNpz
1516461792758751234,BenJamesPhotos,Tue Apr 19 17:00:40 +0000 2022,-0.191723,50.839574999999996,@ruths_gallery @bbcweather Thank you Ruth x
1516461795673792523,CecilieHolter,Tue Apr 19 17:00:41 +0000 2022,-0.17311500000000002,51.524835499999995,True! Not just in the Katyn forests! How grizzly that the ghosts of these soldiers are back in the same places comm‚Ä¶ https://t.co/gkaQwZFbPv
1516461796479184901,ManikMane,Tue Apr 19 17:00:41 +0000 2022,-1.56549,53.801956000000004,Calvin Bassey has had an admirable improvement this season! He‚Äôll be word class! A few players can do two positions‚Ä¶ https://t.co/nHB9sfsA8W
1516461797167054855,jadesybaby,Tue Apr 19 17:00:41 +0000 2022,-2.5853900000000003,51.457876999999996,SCREAMING OH WE LOVE TO SEE IT https://t.co/W23Wxx22LD
1516461798827962368,eli3abethan,Tue Apr 19 17:00:41 +0000 2022,-3.0394275,53.362693,@EloquentParrot Boris!!! I might have misheard tbh
1516461798161010695,Lisa_MNicholls,Tue Apr 19 17:00:41 +0000 2022,-2.338573,52.097784,"The @malvernhills never disappoints, a lovely rambling walk this afternoon. ü•æ‚ô•Ô∏è https://t.co/HvwS0q7pxA"
1516461801361350658,tunny2311,Tue Apr 19 17:00:42 +0000 2022,-3.1817635,54.153403999999995,@jessphillips when does three speeding fines result in losing your licence. Facts matter
1516461801487183882,Goonerlover69,Tue Apr 19 17:00:42 +0000 2022,-0.09263300000000001,51.358931,@Felisha01194458 I'm afraid soü§∑üèª‚Äç‚ôÄÔ∏èüòòüòòü§î
1516461801696862213,Tommycoops,Tue Apr 19 17:00:42 +0000 2022,-0.41313331,54.23904441,PBs and milestones hit today for me and @lukejones6 3 figure club achieved 100kg bench press üí™üèªüí™üèª @ Fashionable Fit‚Ä¶ https://t.co/5IDSR9EcG6
1516461802552442885,JennieWakelin,Tue Apr 19 17:00:42 +0000 2022,-0.1911605,51.8466235,"Lastly &gt; overcome your perfectionism, you can harness your weakness and any threats, a great tool to help you is th‚Ä¶ https://t.co/6N8Xpq7tal"
1516461806180773891,LancashireLad16,Tue Apr 19 17:00:43 +0000 2022,-2.653238,53.543454,@jessphillips doing an impression of Jacob Marley
1516461809431105539,SteveCornforth2,Tue Apr 19 17:00:44 +0000 2022,-3.0044560000000002,53.4698505,@Evpalmer @AlumUllah I resign!
1516461809682812939,Idoneyermum,Tue Apr 19 17:00:44 +0000 2022,-0.5488355,51.316522,‚Äú what you doing? You cunt ‚Äú
1516461816171438085,FLOSC0WGIRL,Tue Apr 19 17:00:46 +0000 2022,-2.23348,53.4569525,@bloodylhl thanks bff
1516461821489815552,sonofbelial,Tue Apr 19 17:00:47 +0000 2022,-6.815333,53.15480650000001,"@meganjrenee Sometimes, just SOMETIMES I am genuinely ashamed of my sex‚Ä¶ I mean, lads, cop on"
1516461822160871428,eleanorlythe,Tue Apr 19 17:00:47 +0000 2022,-1.5685955,54.941545000000005,The feminine urge to take a picture of blossom whenever you see it üëÄüå∏ https://t.co/JKYl8MiS5z
1516461823591133188,theguildfordone,Tue Apr 19 17:00:47 +0000 2022,-3.0466740000000003,53.423567500000004,@ZafuDiamond @BlokeOnWheels Happy Birthday mate ü•≥
1516461824434188302,stuart180hadley,Tue Apr 19 17:00:48 +0000 2022,-2.124442,52.493733500000005,@lukeh180 Great performance Luke . It's an amazing win &amp; well earned .üëäüéØüí™üëèüëèüëè
1516461829198864388,GlynisGhb29,Tue Apr 19 17:00:49 +0000 2022,-2.8455145,53.685942,üòÇü§£ü§£ü§£ü§£Spat me tea out üòÇüòÇüòÇ
1516461831413501963,ElstoneHelen,Tue Apr 19 17:00:49 +0000 2022,0.47478200000000004,51.395762500000004,Peer education while waiting for the centre to open #creativearts @Medway_Youth https://t.co/IEWs3ZB4LJ
1516461833632235525,71PA2,Tue Apr 19 17:00:50 +0000 2022,-2.075468,57.3665245,"@ShimanoMTB hi, looking for a replacement for a FD-M191-3, Available in the UK, thanks"
1516461835729440778,QPRLiam,Tue Apr 19 17:00:50 +0000 2022,-0.189289,51.4108755,@RacecourseScran needed.
1516461835314155520,Safetyconundrum,Tue Apr 19 17:00:50 +0000 2022,-2.2034000000000002,51.3244,Tonights bed https://t.co/6wSwwQijjp
1516461835817521157,Sharonfroche,Tue Apr 19 17:00:50 +0000 2022,-6.579388,52.4597335,"Spent the afternoon in my favourite place, which also happens to be #sunniesttowninlreland https://t.co/rGjMs9BGo4"
1516461836874530824,bishopstonwthr,Tue Apr 19 17:00:51 +0000 2022,-2.596979,51.478303,"17:57 BST: Temperature: 14.0¬∞C, Wind: SW, 1 mph (ave), 5 mph (gust), Humidity: 56%, Rain (hourly) 0.0 mm, Pressure: 1002 hPa, falling slowly"
1516461837344194561,FLOSC0WGIRL,Tue Apr 19 17:00:51 +0000 2022,-2.23348,53.4569525,@stylesonvinyI smash x2
1516461837876928522,realJoeBoyd,Tue Apr 19 17:00:51 +0000 2022,-0.10918149999999999,51.5469265,@MerryMichaelW I respect that unfortunately.
1516461839567233027,GMSNostalgia,Tue Apr 19 17:00:51 +0000 2022,-1.4496120000000001,53.3831645,Some fantastic shirts still available from our latest drop üëáüëáhttps://t.co/NtIRGEnYTA https://t.co/wE5hfPaSiq
1516461841593028611,Lyndacakebaker,Tue Apr 19 17:00:52 +0000 2022,-4.200441,57.739454,@sam_labadie @SuchIsLifeInSC Awesome news!!! https://t.co/HmjQdiHNnV
1516461844864675843,So_Scottish,Tue Apr 19 17:00:52 +0000 2022,-3.2030085,55.9431955,"@TheTravelCamel @JLipowski @RTWBarefoot @LindaPeters64 Edinburgh, Scotland üè¥Û†ÅßÛ†Å¢Û†Å≥Û†Å£Û†Å¥Û†Åø"
1516461846651416583,VFLCH3LSEA,Tue Apr 19 17:00:53 +0000 2022,-0.18919,51.5037865,Another top WM to welcome to the club is @QWIKSHOTTSKILLS üîµ https://t.co/AOMjgsPQEN
1516461849243443203,ZoeMarcell_,Tue Apr 19 17:00:54 +0000 2022,-3.984748,55.8013465,Nae other team in Europe gets special treatment when it comes to their leagues so why dae we dae it
1516461851269292044,Walpolegirl,Tue Apr 19 17:00:54 +0000 2022,-0.320442,51.75244,@SoloTravelStory @TraverseEvents @superbude See you there!!
1516461858890338315,joffocakes,Tue Apr 19 17:00:56 +0000 2022,-4.2417514999999995,55.85830249999999,@ElderlyGoose I do love chicken and mushroom. Huge fan of cream of mushroom too. There aren't any foods I don't like tbh.
1516461865991348235,SamirParker,Tue Apr 19 17:00:58 +0000 2022,-0.148936,51.500092,@michelleamadorr you take a long time not to come
1516461872677105665,DaniiChristinaa,Tue Apr 19 17:00:59 +0000 2022,-0.0706035,51.464686,Will watch anything and everything with @ZacEfron in it.
1516461873369128962,TheStevenThomas,Tue Apr 19 17:00:59 +0000 2022,-1.5186514999999998,52.411913,Nothing behoves Johnson more than gallivanting around the globe while he relies on others to get him out of trouble‚Ä¶ https://t.co/XtZiFexY9U
1516461875466280960,feistywomankent,Tue Apr 19 17:01:00 +0000 2022,1.0901355000000001,51.2767555,@MelanieMoore22 Here‚Äôs the clip of the applause for ABC Justin Welby sermon on Easter Sunday. Strangely @BBCNews di‚Ä¶ https://t.co/5T9SshXdY0
1516461879593422851,HF_Cycling,Tue Apr 19 17:01:01 +0000 2022,-0.216108,51.498387,"This is a coalition call. Concerned citizens, organisations and bodies are all coming together to look at this. Joi‚Ä¶ https://t.co/De7FQF427U"
1516461882168819714,SteveyAsp,Tue Apr 19 17:01:01 +0000 2022,-2.7164625,53.32798,"@TerwitTwoo I‚Äôm not sure that‚Äôs going to happen, they must know they‚Äôll struggle to get another full-time contract‚Ä¶ https://t.co/svqQDCIWls"
1516461883968176143,Domino1973L,Tue Apr 19 17:01:02 +0000 2022,-1.09926111,52.67528056,Left overs ‚ò∫Ô∏è Turkey curry üçõ#leftoversmyway @ Thurmaston https://t.co/CVzConFZR6
1516461884987297796,plantbasedscot,Tue Apr 19 17:01:02 +0000 2022,-2.23348,53.4569525,5/5 please
1516461886224670728,jessystardust,Tue Apr 19 17:01:02 +0000 2022,-1.4496120000000001,53.3831645,@pjparker16 @sapphicyazzy @Morgan_Theater @bbcdoctorwho You're entitled to your opinion but even as a very casual s‚Ä¶ https://t.co/7rFjaun0Ob
1516461887151616001,chrisbrooke1971,Tue Apr 19 17:01:03 +0000 2022,-4.0016169999999995,52.404436,@geocon1713 Aren‚Äôt you the goody two shoes?  üòÇüòÇ
1516461887558459396,Stratfordinter3,Tue Apr 19 17:01:03 +0000 2022,0.024995999999999997,51.5448215,I've found a song for you... Vivir Mi Vida by Marc Anthony üî• Listen now on #Deezer https://t.co/bddnmG8EvP
1516461887428476932,arjunransidvar,Tue Apr 19 17:01:03 +0000 2022,-2.23348,53.4569525,They are so beautiful üò≠üò≠‚ù§Ô∏ècan‚Äôt wait for there remarriage the way he stares at her his intense gaze it‚Äôs so beautif‚Ä¶ https://t.co/zxNmBcTusS
1516461889152327682,p7ulg,Tue Apr 19 17:01:03 +0000 2022,-1.4407025,54.977920499999996,@PARLYapp @davidmorrisml I think this is good enough reasons to be worried.https://t.co/Qc7PX0To5X
1516461893292109832,paulg1977,Tue Apr 19 17:01:04 +0000 2022,-1.6364945,52.806216,"Big game tonight, a win would be massive, especially if MK drop points too! Come on you Reds üî¥‚ö™"
1516461898006515716,wavybrows,Tue Apr 19 17:01:05 +0000 2022,-4.086636,50.4927215,#Vanguard Anyone able to play this game at the moment (UK)? 10 mins in and 4 error messages! @ATVIAssist
1516461899763920896,MoElmi_,Tue Apr 19 17:01:06 +0000 2022,-2.915427,53.4198785,Congratulations to @CentralLpoolPCN on this brilliant achievement! Well deserved. Wishing you continued success!!‚Ä¶ https://t.co/nEgcR52ySE
1516461899663163396,JulieAnnMulvey,Tue Apr 19 17:01:06 +0000 2022,-2.396734,53.100860499999996,"I don't think I have ever heard one person apologise so much, but clearly not meaning it. Sorry for getting caught,‚Ä¶ https://t.co/btcDQT6R2X"
1516461901236080644,kevindel,Tue Apr 19 17:01:06 +0000 2022,-6.6630168,52.8023872,Drinking a Citra Pale Ale by @yellowbellybeer @ Rathgall Hill Fort ‚Äî https://t.co/KLntCACJt3
1516461907506565125,Russ704,Tue Apr 19 17:01:07 +0000 2022,-3.8027854999999997,56.0119155,@Mossybhoy @bushontheradio Should try and find the slip road.
1516461909322739718,travis_bl,Tue Apr 19 17:01:08 +0000 2022,-0.6679045,53.865311500000004,@RichardJMurphy Nadine in the chair for our amusement
1516461911151362048,chrismsutcliffe,Tue Apr 19 17:01:08 +0000 2022,-0.115406,51.4603395,@JonnElledge He's the embodiment of Main Character Syndrome. Every post on r/ImTheMainCharacter should just be him
1516461911876984834,WALKABOUT0,Tue Apr 19 17:01:08 +0000 2022,0.7322575,51.343357,@PUNKLVUS 0x6094deaF4b93b744589DBF5089eA9079B158927FHere's me $eth
1516461912690765838,helenpgarlick,Tue Apr 19 17:01:09 +0000 2022,-0.7179519999999999,51.048297500000004,@LouisaWhitney Thank you so much! All a bit nerve wracking at the moment. Or is that excitement?
1516461919728713733,PeterFinchGolf,Tue Apr 19 17:01:10 +0000 2022,-2.23348,53.4569525,"@DutchOz Nope, that stuff will never wash"
1516461923465932806,GracieFox97,Tue Apr 19 17:01:11 +0000 2022,-3.927119,50.997507,@ESpurginHussey @RoryWilton Ha! She‚Äôs a very fun and excitable alligator. And I‚Äôm pleased she likes to lick or snif‚Ä¶ https://t.co/tEM7VHNFrP
1516461923822415873,ellyb25,Tue Apr 19 17:01:11 +0000 2022,-5.8870735,54.521734,@Leontia2001 @cheek_tweetsv2 Spooks. Set in Vienna and California
1516461926427119623,adam72martin,Tue Apr 19 17:01:12 +0000 2022,-1.8906405,52.4939665,"@weaniejeanie53 No, but his Head Gerbil is Coked off it's Tits"
1516461928666775557,cpbyorkshire,Tue Apr 19 17:01:12 +0000 2022,-1.56549,53.801956000000004,Our Young Communists we‚Äôre out in Rothwell last weekend as part of our campaign to end food poverty in Leeds! If‚Ä¶ https://t.co/nXQxIkgcGT
1516461929342156805,av9901,Tue Apr 19 17:01:13 +0000 2022,-1.2239520000000002,52.766709,Trying to think where to travel to next for my short 1 month trip ...my brain üß†  keeps going to Portugal üáµüáπ  ... lo‚Ä¶ https://t.co/sRxKxYseQS
1516461931124740102,jbenhamman,Tue Apr 19 17:01:13 +0000 2022,-0.29971000000000003,51.723563,@rfj1966 Yeah üëç
1516461932307529729,EddieMakesGames,Tue Apr 19 17:01:13 +0000 2022,-0.5488355,51.316522,@EmilyHM45 Yeah I'm not aware of a proper carvery nearby. This was something from M&amp;S. Agree RE: Cooking a roast for one is an effort.
1516461934337568768,psicorps2000,Tue Apr 19 17:01:14 +0000 2022,-1.7874955,52.447226,"@IainDale Yes every time she didn't like something, she called the person's tone into question or suggested their c‚Ä¶ https://t.co/xkB1fIeWGo"
1516461933662253060,vamosultralopez,Tue Apr 19 17:01:14 +0000 2022,-2.147965,52.5801345,Steady run around the edge tonight with a couple amigos....another 350m of gain towards the week total üòÄ‚Ä¶ https://t.co/G0RbEaEVXY
1516461938154291206,TallaghtComCo,Tue Apr 19 17:01:15 +0000 2022,-6.399521,53.2735025,@JohnLahart Thanks for the update. And thankfully Holly is ok. The response times and attitude to reports of unauth‚Ä¶ https://t.co/IgqgnTP3q0
1516461940251451397,Gary_Ormond_Psy,Tue Apr 19 17:01:15 +0000 2022,-1.13936,53.517648,@Poxo01 @lkeels @davidmcgeoch9 @StarTrek He's blocked me too.
1516461945548853255,kt19weather,Tue Apr 19 17:01:16 +0000 2022,-0.251,51.365,"18:00 BST: temperature 15.6¬∞C, humidity 59%, wind NNE 1.1 mph ave, 4.5 mph gust, rain 0.0 mm/hr, pressure 1015.0 hP‚Ä¶ https://t.co/e81r7nizV8"
1516461947402784777,ourbeauchildren,Tue Apr 19 17:01:17 +0000 2022,-0.12731805,51.50711486,"Just posted a photo @ Cine Lumiere, Institut Francais, 17 Queensbury Place, London https://t.co/EW4tZpa2VW"
1516461952964378628,JamesStokesLX,Tue Apr 19 17:01:18 +0000 2022,-0.148936,51.500092,"Why would you call me out like this üò≠üòÇ if I feel the need to look straight you're mate, otherwise you're darling or‚Ä¶ https://t.co/MEQsH86tIh"
1516461952737947657,dozer_thorp,Tue Apr 19 17:01:18 +0000 2022,-0.815504,51.815670499999996,"Heads up,there's a naughty word in there! BTW, I know it's not just me but I can only speak to my own experience. https://t.co/eE4Wvseimt"
1516461956068225026,Hayle85szy,Tue Apr 19 17:01:19 +0000 2022,-2.1540125000000003,53.0193965,"Ok so instead of a smacked arse, who‚Äôs ready to be absolutely humiliated üòíüò©üò© #LIVMUN"
1516461956101779465,DeamPeter,Tue Apr 19 17:01:19 +0000 2022,-0.5488355,51.316522,"Teachers have to speak to student audiences every day.  However, does the audience type and size make a difference‚Ä¶ https://t.co/JJdoImYOqE"
1516461956756033536,brucesdogdays,Tue Apr 19 17:01:19 +0000 2022,-0.06016,51.44054,We're back after an egg-filled Easter weekend and are ready for our tunnel-tastic enrichment week at Bruce's! @ Bru‚Ä¶ https://t.co/VavkG49WmP
1516461961051095048,shaun_jason,Tue Apr 19 17:01:20 +0000 2022,-4.46511,53.192004,@kellyjonez75 Ar jollies?
1516461962720333832,markNbrogs,Tue Apr 19 17:01:21 +0000 2022,-2.3267745,53.4001995,@warrenmcfc @SallySarah74 @StoniePDmcfc @joanne1894 @bigbencorrie @RikForshaw Anything like this ring piece waz‚Ä¶ https://t.co/s8wAY94Gwp
1516461969099964432,Harvey81581949,Tue Apr 19 17:01:22 +0000 2022,-2.9547965,55.9694115,@EdinburghGirl5 Very nice
1516461969099956224,Magicman1980,Tue Apr 19 17:01:22 +0000 2022,-1.6453615,54.9920555,@HoloSlabs AMAZING
1516461971419369472,YAhkter,Tue Apr 19 17:01:23 +0000 2022,-1.56549,53.801956000000004,@sallybogg üëó &amp; üëü for the win
1516461970886643714,kieransopinion,Tue Apr 19 17:01:23 +0000 2022,-9.1065045,53.343312999999995,@katy_scarletta @ciaranbyrnetipp @Mark_J_Harper @SirGrahamBrady You Retweeted this 3 hours agoThis you? https://t.co/XANoT5pAPk
1516461972790906884,PJexArdrishaig,Tue Apr 19 17:01:23 +0000 2022,-3.2539455,54.985195,@davidmorrisml Bloody hell! Is this the most cretinous brown nosed arse licking pillock of the day? What a mealy mouthed moron! #PMQs
1516461973281640449,TherionWare,Tue Apr 19 17:01:23 +0000 2022,-0.1909515,51.9023015,"@AdamBienkov Are we talking 'tough love""?"
1516461980600745989,lolimac01,Tue Apr 19 17:01:25 +0000 2022,-0.4392865,53.751413,@bertie_lakeland I'm coming in for a cuddle Bertie.ü§ó‚ù§Ô∏èüêæ
1516461981913563154,Marta_Malinko,Tue Apr 19 17:01:25 +0000 2022,0.1862015,51.278716,@Pawel_Luciuk Could be both - metal or nylon.
1516461985495494658,PeterFinchGolf,Tue Apr 19 17:01:26 +0000 2022,-2.6371045,50.712443,Smashing work from the team on the thumbnail and editing of this video üëè @djbarwise @jacobbroady_ WATCH NOWüëá‚Ä¶ https://t.co/aXeMUb7t4Q
1516461989475856394,Gradyface1,Tue Apr 19 17:01:27 +0000 2022,-2.124442,52.493733500000005,@cymru_79 You just woke me up
1516461990910246918,LisaTho59303283,Tue Apr 19 17:01:27 +0000 2022,-4.200441,57.739454,"@thetakappa73 @bigbenn1e I would agree with you, can tell by the wee side sneer! She wouldn't last 2 mins in Scotland!"
1516461994299334660,MGB8man,Tue Apr 19 17:01:28 +0000 2022,-0.33394250000000003,53.765817,Completely paralysed as a Prime Minister.
1516461994785841157,RafLee84,Tue Apr 19 17:01:28 +0000 2022,-0.0350195,51.5148305,Settlers 3
1516461994622304256,Nffcfamily,Tue Apr 19 17:01:28 +0000 2022,-1.186364,53.1486735,Have they announced the open top parade yet https://t.co/ls0yrGqwAG
1516461994190249987,hughcarrhere,Tue Apr 19 17:01:28 +0000 2022,-6.174398500000001,53.257283,"In case you weren't sure, my glasses are unreal (and blue tinted so they glow under UV lights) https://t.co/Tyz1enfTgN"
1516461994869673985,_SteveAB,Tue Apr 19 17:01:28 +0000 2022,-0.7640635,52.033567000000005,New uniform matches my cup ü§£ü§£ https://t.co/4iEIuMu0oa
1516461997969264642,bobandmickeykid,Tue Apr 19 17:01:29 +0000 2022,0.936804,51.089141,Good for him. Now who else will have integrity morals &amp; decency? Where‚Äôs all the Christian Tories?
1516461998518767618,davidcommon1,Tue Apr 19 17:01:29 +0000 2022,-1.423629,54.881608,@onlinexbradio @onlineradiobox Elaine m rennie and dave the rave no1raver northeast legend rave heaven I am a raver‚Ä¶ https://t.co/QnllhTBhcV
1516461999043059714,cathymac59,Tue Apr 19 17:01:29 +0000 2022,-2.764813,53.4140275,@MrsFantoosh My orbiting tactic is writing recipes on the back of envelopes.  Much to the horrified amusement of an accountant...üôÑ
1516461999974141964,dare_richard,Tue Apr 19 17:01:29 +0000 2022,0.026298999999999996,51.39432,"@aliyusaf Look at their little furry, cancelling faces üòç"
1516462002398539780,WolfieLoneSome,Tue Apr 19 17:01:30 +0000 2022,-4.200441,57.739454,"@magnusllewellin Certainly Scotland is not in a Democracy with still in the Union, as Adult we are denied the right‚Ä¶ https://t.co/1UUVludjVT"
1516462002897670158,richiejsmith83,Tue Apr 19 17:01:30 +0000 2022,-4.4251495,55.910872999999995,@BorisJohnson leading the world? Laughable. Respected by @POTUS ‚Ä¶ a man who needs a bunny rabbit to direct him?! ü§°‚Ä¶ https://t.co/lOn7g21VVZ
1516462003761598468,rpxadair,Tue Apr 19 17:01:30 +0000 2022,-3.5794664999999997,54.542426500000005,"I'll tell you, honestly, I will love it if the Tories lose all of their Cumbrian seats‚Ä¶¬†Love it!‚Ä¶ https://t.co/H8bgId2DcL"
1516462006362120199,DavepeoEFC,Tue Apr 19 17:01:31 +0000 2022,-2.915427,53.4198785,@bushontheradio Travellers are hoping to fry home.
1516462008652251138,Dthorngate_,Tue Apr 19 17:01:32 +0000 2022,-0.9820305,51.452524,Levels
1516462010405322753,leaver_sharon,Tue Apr 19 17:01:32 +0000 2022,-0.7542615,51.410747,@karl1953howman Absolutely. What is the point ü§¶
1516462014410805249,LpoolLiveJobs,Tue Apr 19 17:01:33 +0000 2022,-3.00092773,53.41801635,"Plumber Stockport - Stockport, Lancashire - ¬£16.00 to ¬£18.00 Per Hour https://t.co/CMM2mp1fim - Click to apply #JobsInLiverpool #Jobibo"
1516462015178362881,LondonJobsLive,Tue Apr 19 17:01:33 +0000 2022,-0.02363281,51.4291324,"Mechanical Night Shift Engineer - City, London - ¬£40,000 to ¬£45,000 https://t.co/I3GS8BK2XG - Click to apply‚Ä¶ https://t.co/7dOkCfBI97"
1516462018433277956,DaveOfYork,Tue Apr 19 17:01:34 +0000 2022,-1.0853245,53.9662065,Boris apologising for the fine not his actions...#Partygate
1516462022237425665,LondonJobsLive,Tue Apr 19 17:01:35 +0000 2022,-0.02363281,51.4291324,"ASD Teaching Assistant - Lambeth, London - ¬£80.00 to ¬£100 Per Day https://t.co/EYyrxZevKn - Click to apply‚Ä¶ https://t.co/QGIRn36elg"
1516462022854074374,dj_forrester,Tue Apr 19 17:01:35 +0000 2022,-4.2417514999999995,55.85830249999999,Mackintosh in Finnieston. / https://t.co/Yb467BN8Su
1516462023638499331,Anthony29624583,Tue Apr 19 17:01:35 +0000 2022,-2.915427,53.4198785,@bobpatt86387087 You missed me? üòÇ
1516462027262283791,DingleHotel,Tue Apr 19 17:01:36 +0000 2022,-10.277836,52.139408,Here to serve you üç¥üç∑ #Dingle #barfood https://t.co/BubwExM2Rs https://t.co/Izfoas1jgI
1516462029187387397,LondonJobsLive,Tue Apr 19 17:01:36 +0000 2022,-0.02363281,51.4291324,PTS General Operative - London - ¬£14.89 to ¬£22.33 Per Hour https://t.co/y5JWhSmbNG - Click to apply #JobsInLondon #Jobibo #LondonJobsLive
1516462033495072779,Harvey81581949,Tue Apr 19 17:01:37 +0000 2022,-2.9547965,55.9694115,@ukmilfwife @MilfsandGilffs @JMmilfs @realcplsonly @UKAmateurBabes @C0ekieM0nster @MilfsNaughty What a body üòç
1516462033444773890,gonzrob71,Tue Apr 19 17:01:37 +0000 2022,-3.0054,51.1291865,@Burbidge000 @agrojacksia @SMT_GB_Used @SMT_GB @Collins_Earth @DaveBoo11743895 I‚Äôd say @TIG5561Aidan would of done a good job
1516462034040279042,BoxallBJones,Tue Apr 19 17:01:38 +0000 2022,-1.427067,52.915351,"REDUCED! üì¢Situated within close proximity to Derby city centre, this is a well presented 1 bedroom apartment with‚Ä¶ https://t.co/hYVfFDh3I6"
1516462037702000647,QPRLiam,Tue Apr 19 17:01:38 +0000 2022,-0.189289,51.4108755,@racingblogger mark out of 10 for Epsom?!
1516462040247947270,alexwhiteman49,Tue Apr 19 17:01:39 +0000 2022,-0.36118,51.525432499999994,@greatesthitsuk Gloria Estefan in the early 90s
1516462043301388288,TheNipunSharma,Tue Apr 19 17:01:40 +0000 2022,-0.442361,51.537060999999994,@fathurys216 @ChelseaFanTVyt I swear they can be shared
1516462046618992642,maireKelly20,Tue Apr 19 17:01:41 +0000 2022,-7.866291,54.9210315,@aconstantine20 @nealerichmond Partitioning Ireland was the worst act Churchill did - h√© also signed the half of Eu‚Ä¶ https://t.co/x8PmtjinfA
1516462047910928392,dietmumrepeat,Tue Apr 19 17:01:41 +0000 2022,0.7322575,51.343357,#dachshund #dachshundsofinstagram #dachshundpuppy #dachshundlove #dachshunds ùóóùó∂ùó≤ùòÅ | ùó†ùòÇùó∫ | ùó•ùó≤ùóΩùó≤ùóÆùòÅ https://t.co/V7lu3QkoEH
1516462053128605701,Kranitoko,Tue Apr 19 17:01:42 +0000 2022,-2.1213295,51.4616195,@chaos4harambe @Warcraft That too! In fact I believe Final Fantasy 14 also has this an an option! It's one of the r‚Ä¶ https://t.co/riCujjs6mm
1516462051849392130,BKLangley61,Tue Apr 19 17:01:42 +0000 2022,0.9635575,51.863305499999996,"A Womble towards the Hythe today taking advantage of the high tide.48 glass bottles, 28 plastic and 13 cans.A lar‚Ä¶ https://t.co/TkmwrZ0hBc"
1516462053527072778,CharlieA6,Tue Apr 19 17:01:42 +0000 2022,-1.56549,53.801956000000004,This would be funny if it wasn't so tragic. ü§¶üèΩ‚Äç‚ôÄÔ∏è
1516462053753602050,JamesSilvester1,Tue Apr 19 17:01:42 +0000 2022,-2.23348,53.4569525,That was the Puppy‚Äôs proverbials from Starmer. #JohnsonTheLiar
1516462055385190404,HHBeekeeping,Tue Apr 19 17:01:43 +0000 2022,-0.2708845,51.94962,"Temperature is set to be around 19¬∞ tomorrow where I live. Question is, does that mean more early swarms around?"
1516462057532579852,philwoodwiss1,Tue Apr 19 17:01:43 +0000 2022,-1.9086165,53.863766999999996,@LFCPG90 Good luck at your interview Nicole ü§û xx
1516462059927527432,SeanScanlon15,Tue Apr 19 17:01:44 +0000 2022,-1.2558725000000002,53.000347500000004,@mmcconnell92 More of track record at this stage than the bounce pass!
1516462064717516802,neil_harkness,Tue Apr 19 17:01:45 +0000 2022,-2.430357,55.603401500000004,@twatcheck That‚Äôs the censored version https://t.co/47LUeZMMtx
1516462066210639873,_BeccaRoseKing,Tue Apr 19 17:01:45 +0000 2022,-1.6364945,52.806216,When you try to make crispy beef but accidentally make toad in the hole instead üôÉ
1516462074993557505,lipthog,Tue Apr 19 17:01:47 +0000 2022,-1.7396195,55.1314185,@DanSmithForTees @KarlDHolbrook @Daily_Express If you're a journalist and you're going to work for the Express you are an imposter..
1516462077619146754,rAshLols,Tue Apr 19 17:01:48 +0000 2022,-2.2038685,52.526056499999996,"@papasombra Is this the guardian readers version of ""I'm mentally fucked too son, I can barely handle my shit, let alone yours""?"
1516462078764195846,UncleDugs,Tue Apr 19 17:01:48 +0000 2022,-0.1937195,51.4516565,Extra line up boost to go with the extra tickets we can now sell due to moving to a bigger boat.Extra limited tick‚Ä¶ https://t.co/h2zn3uTdfQ
1516462080362258435,pastapete7,Tue Apr 19 17:01:49 +0000 2022,-2.9456170000000004,53.111475,@Bill_Esterson She has a rock where her heart should be!
1516462080462839813,frenchberty,Tue Apr 19 17:01:49 +0000 2022,-0.787528,51.2050445,@bigbadbeardo When are they both due out? They don‚Äôt care because it‚Äôs money in the door!
1516462080672649222,FlintonGe,Tue Apr 19 17:01:49 +0000 2022,-1.4496120000000001,53.3831645,@Ronseal @bandq_help Message sent Paul Flinton
1516462083696730120,ellyb25,Tue Apr 19 17:01:49 +0000 2022,-5.8870735,54.521734,@Leontia2001 @cheek_tweetsv2 If that was me I‚Äôd be howling until they gave me something
1516462084288040962,MissDFreeman,Tue Apr 19 17:01:50 +0000 2022,-2.124442,52.493733500000005,Bored. So we are going for a drive together. No idea where ü§£ https://t.co/KgM6mdovbV
1516462091414163460,Vanessafield16,Tue Apr 19 17:01:51 +0000 2022,-0.1868325,51.1277265,@Funny_Stuff_UK Sid James with that dirty  laugh ü§£ and also Barbara Windsor .
1516462094383730701,JayneYo67010930,Tue Apr 19 17:01:52 +0000 2022,-3.382406,51.755396000000005,My mother died while you partied #BorisLiedPeopleDied
1516462097445662729,markNbrogs,Tue Apr 19 17:01:53 +0000 2022,-2.3267745,53.4001995,@SallySarah74 @warrenmcfc @StoniePDmcfc @joanne1894 @bigbencorrie @RikForshaw You tell him Sal .. out of order that‚Ä¶ https://t.co/hnVKCg0fN7
1516462100008382465,markgregory_,Tue Apr 19 17:01:53 +0000 2022,-2.5933005,53.382608000000005,@CGDMattWilson Hit me up üëç
1516462103317688325,whiskeychap,Tue Apr 19 17:01:54 +0000 2022,-3.927119,50.997507,"@jenkaloid @Jotterface @drams_s @BertSmedley @AyeWhisky @PadWhisky @PaulaAbdul Ner. They went for it, got caught, backtracked. #grubby"
1516462103569260548,BarronLaight,Tue Apr 19 17:01:54 +0000 2022,-1.830847,52.2325155,@rehart_21 @mohammed_hijab Glad it brings you so much comfort.... https://t.co/zcde2tYYCb
1516462106685902848,MavaniDevanshi,Tue Apr 19 17:01:55 +0000 2022,-1.13067,52.6262635,@JonAshworth please support your constituents with diabetes by joining @DiabetesUK‚Äôs event in parliament tomorrow f‚Ä¶ https://t.co/hsvxi4cJ4U
1516462107738484736,SteveyAsp,Tue Apr 19 17:01:55 +0000 2022,-2.7164625,53.32798,@TerwitTwoo We could end up with that in 2024 if Labour do a deal with the SNP
1516462108170403852,AlSandiford87,Tue Apr 19 17:01:55 +0000 2022,-2.0637655,52.972428,@SusanDo97707453 @markrowantree No problem
1516462109198069763,dermotryanirl,Tue Apr 19 17:01:55 +0000 2022,-6.2476215,53.354902499999994,@sophiegrenham If you don‚Äôt do in Sydney you‚Äôll be banned from public transport üòâ. Also - NEVER try get in back of taxi
1516462109537800199,bluepoet72,Tue Apr 19 17:01:56 +0000 2022,-0.2527539999999999,51.3854455,@saranaturegirl Only my 2nd visit. The first time it poured down and blew a gale.
1516462108979904527,NorthBerwick_GC,Tue Apr 19 17:01:55 +0000 2022,-2.728017,56.0553915,"üì∏| A few of our wonderful West Links caddies in recent action, enhancing the experience for our visitors!Have you‚Ä¶ https://t.co/BKZgNYmOEJ"
1516462109940490255,AntiqueUniqueUK,Tue Apr 19 17:01:56 +0000 2022,-1.773729,53.277678,This just made after walk walkies a bit more interesting. Don‚Äôt usually see a #chinook around here! https://t.co/GeJIdYDe8j
1516462116768817156,HeadHighStripes,Tue Apr 19 17:01:57 +0000 2022,-0.08816099999999999,51.489262999999994,I can check getting tattooed in a different country off the list üòç
1516462116810727431,TheClarenceSW1,Tue Apr 19 17:01:57 +0000 2022,-0.1268,51.50617,"Kent lamb and apricot sausages with Spring onion mash, curly kale and red wine gravy. Goes perfect with a pint of B‚Ä¶ https://t.co/642buj42UI"
1516462117196550146,MarkFHwest,Tue Apr 19 17:01:57 +0000 2022,-4.0016169999999995,52.404436,@g2oop @DebLudford @candmclub Even worse than the last one ----  Dog walkers...Worst crisp flavour ever! üòïü§£üòÇü§£
1516462117968359426,PeterBa82304711,Tue Apr 19 17:01:58 +0000 2022,-0.9820305,51.452524,@StephenJCooke1 @BBBYetAgain Ouch.
1516462117439815685,sjbryant,Tue Apr 19 17:01:57 +0000 2022,0.361443,51.432565499999995,"Cruise ship namings are always so emotional! Congratulations, all! @ambassadorcruis @SallyGunnell https://t.co/v4bOzKgANn"
1516462118509461506,helenpgarlick,Tue Apr 19 17:01:58 +0000 2022,-0.7179519999999999,51.048297500000004,@VanessaMcM Thank you! North Devon coastline - hoping - Ilfracombe ‚Ä¶
1516462120124174346,Turtleflea1,Tue Apr 19 17:01:58 +0000 2022,0.3064905,52.4565375,@SkyNews I would suggest that the news watches Fabricant‚Äôs face carefully while @Keir_Starmer talked today about th‚Ä¶ https://t.co/q5hJ7EGvkI
1516462121193779206,francesmann1,Tue Apr 19 17:01:58 +0000 2022,-1.8906405,52.4939665,"@FKAColinTDF @Mike_Fabricant @Kier_Starmer What is wrong with you labour lot, the world is on the verge of a Third‚Ä¶ https://t.co/yx5LHFFUPe"
1516462122582089729,jim_johnson24,Tue Apr 19 17:01:59 +0000 2022,-1.56549,53.801956000000004,@dannymcnamara Cheers for the update Danny. Cant wait for the new record.
1516462124255653890,angelobrandes,Tue Apr 19 17:01:59 +0000 2022,-6.2476215,53.354902499999994,"@LukeBeckCG @tycjantrzpiola @filmchloe7 @funkykasfuck Glad you liked, thanks for sharing üëäüôå‚ú®"
1516462125346136066,Ethlias,Tue Apr 19 17:01:59 +0000 2022,-0.306996,51.4405145,"@tmntnft @pizzahut TMNT and a slice of pizza, anything for us Londoners over here ? üôÑ"
1516462127606816773,garethj57708138,Tue Apr 19 17:02:00 +0000 2022,-4.0016169999999995,52.404436,@KwameA009 Well done
1516462132136751115,n4ssie,Tue Apr 19 17:02:01 +0000 2022,-2.915427,53.4198785,Reds from all across merseyside have begun converging
1516462131062968328,TCVHaringey,Tue Apr 19 17:02:01 +0000 2022,-0.102162,51.5879015,The white butterflies of #thepaddockn17. A delightful treat after coming back from Easter! Male Orange-tipGreen-‚Ä¶ https://t.co/k6lTzvdPZf
1516462132627398658,redfeatherphot2,Tue Apr 19 17:02:01 +0000 2022,-6.81351,54.667202,Changes are a foot @_TickleHQ  (You like what I did there lol üòÇ) This Friday we will be filming with the fantas‚Ä¶ https://t.co/K8NqEoB034
1516462134321893379,Lee_Sullivan85,Tue Apr 19 17:02:01 +0000 2022,-0.57184,51.458746500000004,@VickieBrabner Thank you so much for the kind words. üòç
1516462136687480836,gillyhope,Tue Apr 19 17:02:02 +0000 2022,-2.4081865000000002,53.5262885,@bridgetNsusie @ZoeyCatBell @shawsome872 @SusieQZeeLove Not a kilt but close! https://t.co/TNXHzNnpAu
1516462137442455569,cpbyorkshire,Tue Apr 19 17:02:02 +0000 2022,-1.56549,53.801956000000004,Our Young Communists were out in Rothwell last weekend as part of our campaign to end food poverty in Leeds! If y‚Ä¶ https://t.co/jLyx3VZxg2
1516462137559994371,FLOSC0WGIRL,Tue Apr 19 17:02:02 +0000 2022,-2.23348,53.4569525,@stylesonvinyI one for each of us
1516462139531313153,jamessmyth17,Tue Apr 19 17:02:03 +0000 2022,-1.570206,55.1801545,"@SkyNews Typical arrogance and ignorance associated with the current Tory government, led by a proven liar,‚Ä¶ https://t.co/T1uGQxGnUy"
1516462141565554692,strange_cargo,Tue Apr 19 17:02:03 +0000 2022,-0.9213100000000001,52.48042,That was better! https://t.co/XdaZACfYeF
1516462142433554432,ManLiveJobs,Tue Apr 19 17:02:03 +0000 2022,-2.19892578,53.5292403,"Product Manager - Manchester, Lancashire - ¬£40,000 to ¬£70,000 https://t.co/LYf5gDVBsW - Click to apply #Jobibo‚Ä¶ https://t.co/eL2k9UjT2X"
1516462146212831236,Binzyi,Tue Apr 19 17:02:04 +0000 2022,-3.0033305,53.632616,@IAPonomarenko But what's happening in the South?
1516462151610818561,DONTPICKON,Tue Apr 19 17:02:06 +0000 2022,-2.653238,53.543454,"@sharinghotgirls I,d Smash this girl,,then wake up fucking my pillow,,"
1516462153104072704,Mayesey9R,Tue Apr 19 17:02:06 +0000 2022,-0.0350195,51.5148305,@heronsgrove @PaulBrandITV @JuliaHB1 I think you're referring to James Cleverley.
1516462155784245252,Kranitoko,Tue Apr 19 17:02:07 +0000 2022,-2.1213295,51.4616195,@chaos4harambe @Warcraft That too! In fact I believe Final Fantasy 14 also has this as an option! It's one of the r‚Ä¶ https://t.co/prdEdOBVnN
1516462158497959942,Magicman1980,Tue Apr 19 17:02:07 +0000 2022,-1.6453615,54.9920555,@smoketheotter @FunkyOtters Can not wait to see the other versions of these. Gonna be mad demand for them.
1516462162629251073,crinners1,Tue Apr 19 17:02:08 +0000 2022,0.2515055,51.142153,@johncraggsactor Amazing üëè  !!!! This is very happy news!!!!!
1516462163635884035,welljell52,Tue Apr 19 17:02:08 +0000 2022,-0.0991635,51.6452755,@lawrence_wray Amazing! üôè
1516462169260441602,burnsroy72,Tue Apr 19 17:02:10 +0000 2022,-5.928413,54.595869,"@News_Letter The Conservatives must look after their buddies, mostly themselves, in the property rental racket. The‚Ä¶ https://t.co/4xb6QPcCVw"
1516462170778841094,stevefbest,Tue Apr 19 17:02:10 +0000 2022,-2.4692695000000002,50.6274375,"@TonbridgeDaily Haha, thank you. There's a lot more cynicism where that came from!!"
1516462175753318405,rubydoris,Tue Apr 19 17:02:11 +0000 2022,-2.1530009999999997,53.60938,@Nicky13Johnson Hope that you've had a good day üíê
1516462175900086272,keletsovionah,Tue Apr 19 17:02:11 +0000 2022,-9.0333065,51.903863,@benmakgetlane Yes ser
1516462176428564483,Emma_Louise50,Tue Apr 19 17:02:12 +0000 2022,-6.378947500000001,54.444413,"When these came on, you knew you were late to bed Check out Tony of Bingus's video! #TikTok https://t.co/4YtFeGvWFf"
1516462185526005765,neilatkin37,Tue Apr 19 17:02:14 +0000 2022,-0.49472150000000004,53.721161499999994,"@loodofsquit Just hears a trailer for tomorrow's Loose Women ""Menopause Manifesto"" and I'm afraid not even Frankie‚Ä¶ https://t.co/fhuuwBpFK2"
1516462186348134403,davedgoo,Tue Apr 19 17:02:14 +0000 2022,0.1322325,51.721144,@Nigel_Farage We are lucky that she is not still prime minister.She is bitter though
1516462189661544455,Luke_Winch,Tue Apr 19 17:02:15 +0000 2022,-0.54739,53.220721,@LiteratureNLoFi @CenteredShelf @BethTabler @nssbookaholic Would love to know your thoughts and processes on this ‚òùÔ∏è
1516462191792300032,bobandmickeykid,Tue Apr 19 17:02:15 +0000 2022,0.936804,51.089141,Don‚Äôt believe any of what he says. If his mouth is open he‚Äôs lying.
1516462193453187073,milez199,Tue Apr 19 17:02:16 +0000 2022,-0.0991635,51.6452755,Most times the best advisers are those you are better off.Stop looking down on people.
1516462194573127696,rpxadair,Tue Apr 19 17:02:16 +0000 2022,-3.5794664999999997,54.542426500000005,Wonder how tight Penrith is in this model.
1516462200554237952,ameliabeckett,Tue Apr 19 17:02:17 +0000 2022,-1.56549,53.801956000000004,Four people are seriously injured after a car failed to stop for police and travelled down the M1 the wrong way nea‚Ä¶ https://t.co/cE0bpNVH3P
1516462201967681539,CharlieDale09,Tue Apr 19 17:02:18 +0000 2022,-2.2781434999999997,51.8257095,@joshyt6 I can only hope Duff goes off to Burnley and you have some sort of second season syndrome else I fear it c‚Ä¶ https://t.co/G33kWejmUj
1516462202831704073,MatthewPFirth,Tue Apr 19 17:02:18 +0000 2022,-1.664672,53.7018195,@those_this P.S. Boris didn‚Äôt lie about anything. He literally briefed the press about it on the day because he tho‚Ä¶ https://t.co/6wt0uIYrLU
1516462207210598405,rbarnett08,Tue Apr 19 17:02:19 +0000 2022,-6.227677,54.4785625,Billy Burns and Kieran Treadwell sustained concussions against Stade Toulousain at the weekend and will follow grad‚Ä¶ https://t.co/NsCnrokHUn
1516462209546825732,whitehlittleton,Tue Apr 19 17:02:19 +0000 2022,-2.5837719999999997,51.607329,Our chefs‚Äô take on a classic dish has recently landed on our menu and is the ideal starter or lighter bite - a Dors‚Ä¶ https://t.co/rFl5msEuhE
1516462211098718233,MusipediaOMetal,Tue Apr 19 17:02:20 +0000 2022,-3.1798,51.497001499999996,Brand new #Greekrock from #KingMointain &amp; @dopedefault Heavy doom comes from #EchoesOfDecay &amp; prog metal from‚Ä¶ https://t.co/6sxYVgB9f6
1516462213162323970,Bethan_Artist,Tue Apr 19 17:02:20 +0000 2022,-3.022804,54.340087,"Cooked my own version of vegan dirty fries with some crispy mini roasted potatoes, smoky barbecue mushroom and smok‚Ä¶ https://t.co/eTe0hYGcge"
1516462217528549388,VFLCH3LSEA,Tue Apr 19 17:02:21 +0000 2022,-0.18919,51.5037865,Back for another season is our very own @DaraCurran6 üîµ https://t.co/xxYHY1zODv
1516462219508256773,omotforest,Tue Apr 19 17:02:22 +0000 2022,-0.412022,51.375744999999995,He should resign the whip.He's  a conservative. He no longer belongs in the Conservative Party.
1516462219642482694,SeanKea97761422,Tue Apr 19 17:02:22 +0000 2022,-2.2472365,53.0181555,Watching the theatre that is partyment ...not 1 MP as said Covid isnt over !!!!!! Our hospitals are overwhelmed and‚Ä¶ https://t.co/3HtrhYKIRE
1516462221576089610,Russ704,Tue Apr 19 17:02:22 +0000 2022,-3.8027854999999997,56.0119155,@Parsleybear2010 2 cheeks of the same arse
1516462222230315011,garricksait,Tue Apr 19 17:02:22 +0000 2022,-0.412022,51.375744999999995,"@lucyjbriers Hi Lucy, I live on Garricks Ait and have opened a letter which was for you (not sure if I have broken‚Ä¶ https://t.co/42KRujcdEP"
1516462225233489923,breda_mchale,Tue Apr 19 17:02:23 +0000 2022,-6.815333,53.15480650000001,"@mcg1000 @UkraineIreland A true partnership, well done Mary &amp; Lena! üíõüíôüíö"
1516462225409593357,Soctty123,Tue Apr 19 17:02:23 +0000 2022,-4.424785,55.834731,@FrankHippov2 @1991cjb Are you actually a hippo?
1516462229478117382,rpxadair,Tue Apr 19 17:02:24 +0000 2022,-3.5794664999999997,54.542426500000005,Wonder how tight Penrith is in this model?
1516462239963914245,timmsy_ks,Tue Apr 19 17:02:27 +0000 2022,-2.096208,53.6011235,"@gabrielletann15 @lewis_goodall Are you saying any other PM, whether Conservative or Labour, would stop supporting‚Ä¶ https://t.co/1qmnaItmcd"
1516462242027474951,ActNowSheff,Tue Apr 19 17:02:27 +0000 2022,-1.4496120000000001,53.3831645,Join the #BigPlasticCount!
1516462242337861642,Scott_Hendo93,Tue Apr 19 17:02:27 +0000 2022,-3.4468685,55.012153,@GAMEdigital Either the original tomb raider or crash bandicoot on PS1 https://t.co/QTDF7o3eCp
1516462243935891462,LatinVocab,Tue Apr 19 17:02:28 +0000 2022,-2.2773,53.43835,"noun 3   corpus  , corporis, n  body     #Latin #Vocab #LatinVocab"
1516462245412278277,soulie94,Tue Apr 19 17:02:28 +0000 2022,-1.5616905,55.026717500000004,@STAUNT0N @VillaWatch1 @BarryBa14607917 I mean if that's the case then Villa have been shite since the 90s lets be‚Ä¶ https://t.co/rbC4N2pBmE
1516462245877850117,FreddieScovell,Tue Apr 19 17:02:28 +0000 2022,-0.2527539999999999,51.3854455,@mattyfeb1987 @bbcnickrobinson @BorisJohnson They are. What they must not be allowed to do is override democracy.
1516462250831355910,Hector_Chicken,Tue Apr 19 17:02:29 +0000 2022,-1.4707785,52.915530000000004,"Sammy ""1690"" Wilson, there"
1516462252504801283,cymraesydwi,Tue Apr 19 17:02:30 +0000 2022,-4.0016169999999995,52.404436,"@DonnaWarburton1 Seriously, I hope it's microchipped.. Or de-flead at least!!"
1516462251607265283,MattTakeTwo,Tue Apr 19 17:02:29 +0000 2022,-0.7150815,53.443402,"Two more satisfying little jobs done;1) on/off switch wire extended, sealed and moved to where it should be. (Bee‚Ä¶ https://t.co/l2bdS2salL"
1516462254161633296,collycomic,Tue Apr 19 17:02:30 +0000 2022,-6.81351,54.667202,@BeebsyMcA Yeah....¬£27 for this 700ml bottle...McGarry's Fine Wines in Banbridge.. Just past the Coach at the bottom of the townüëçüòâ
1516462257001185283,JohnCB500,Tue Apr 19 17:02:31 +0000 2022,-2.7131525,52.057869,@DJSkelton Sid James
1516462257689047047,ooopsididntdidi,Tue Apr 19 17:02:31 +0000 2022,0.135916,52.200974,"@Chasing_Cars_x It's been good so far gym this morning and a couple of zoom meetings, good luck for tonight enjoy the game ‚öΩÔ∏èxx"
1516462258158804992,Rusty5010,Tue Apr 19 17:02:31 +0000 2022,-2.7979079999999996,53.419396500000005,@Monkeystink I detest this vile thing
1516462258653650944,Angels1Margo,Tue Apr 19 17:02:31 +0000 2022,-1.0669855,50.818864500000004,Blue Chemise Bedtime Story By Penthouse ¬£11.99Please ask for the link to orderAngel Clothing#blue‚Ä¶ https://t.co/0KhW9QP8iL
1516462259572203521,Paulinemcilroy1,Tue Apr 19 17:02:31 +0000 2022,-4.4251495,55.910872999999995,@FallowfieldLJ He is a spineless liar
1516462259463143433,zafarbhatti,Tue Apr 19 17:02:31 +0000 2022,-1.574246,52.2802965,"#TheBigIftar ""To simply pray and fast during Ramadan will not achieve anything, but rather when one does so with a‚Ä¶ https://t.co/AXhZu2Y9wb"
1516462261241581570,PaulH121,Tue Apr 19 17:02:32 +0000 2022,-2.58333,51.45,"Just posted a photo @ Bristol, United Kingdom https://t.co/oEXJmv7lE0"
1516462262613073927,Bredebeck,Tue Apr 19 17:02:32 +0000 2022,-1.9219485,54.5458935,@Rod__Mason Jaysus feck... I've heard it all now! https://t.co/KnaRNS9599
1516462265909850115,DanHarvey74,Tue Apr 19 17:02:33 +0000 2022,0.6128184999999999,51.5909335,When did they start doing non celebrity #houseofgames ? I might apply?
1516462266320830471,lovebeachboys,Tue Apr 19 17:02:33 +0000 2022,-7.2938105,52.5684865,@AlfTupper5 What a mess
1516462268837507073,grabthisbook,Tue Apr 19 17:02:34 +0000 2022,-4.0086145,55.9423,TBF - the Leader of the Scottish Tories was pathetic before this PM highlighted it on a national platform
1516462276580200449,IsMiseMarcas,Tue Apr 19 17:02:35 +0000 2022,-6.2476215,53.354902499999994,@PaschalHL We don‚Äôt deport any one. ‚ÄúRefugees‚Äù get to appeal endlessly. It‚Äôs why we have people in Direct Provision‚Ä¶ https://t.co/9BAj5pvUkJ
1516462277121163267,caitmkearns,Tue Apr 19 17:02:36 +0000 2022,-5.928413,54.595869,@broccantyzack I‚Äôve just looked at IMDB and I‚Äôve never seen a Michael Bay film ü§Ø
1516462280396918787,StepoKedur,Tue Apr 19 17:02:36 +0000 2022,-1.5900064999999999,54.861194,@BarristersHorse Her and fellow silky Starmer really should know better.  I only noticed one conservative chap but‚Ä¶ https://t.co/3skWSNguiv
1516462282867417093,trevtheegg,Tue Apr 19 17:02:37 +0000 2022,-2.3312305,53.4559985,@TaylorMod Layer Cake next and you‚Äôve done my favourite trio
1516462284339658757,MelLangtonArt,Tue Apr 19 17:02:37 +0000 2022,-0.54739,53.220721,I just realised I haven't shown you yet the final varnished heart for @StBarnabasLinc for their @stb_hearttrail and‚Ä¶ https://t.co/81oc4jHRbe
1516462289796231171,Turtleflea1,Tue Apr 19 17:02:39 +0000 2022,0.3064905,52.4565375,@SkyNews I would suggest that the news watches Fabricant‚Äôs face carefully while @Keir_Starmer talked today about th‚Ä¶ https://t.co/3Va3OEE02R
1516462288320008203,AberJohnny,Tue Apr 19 17:02:38 +0000 2022,-3.9195675000000003,56.019801,"Chapel, not a church. https://t.co/hNlYyggaDw"
1516462290412969995,sonofbelial,Tue Apr 19 17:02:39 +0000 2022,-6.815333,53.15480650000001,"@fionamcnamaraxx @meganjrenee Sorry, did a colleague say this to you or a customer?! Not that it matters, just for a little context‚Ä¶"
1516462290165723138,PeteTimbers,Tue Apr 19 17:02:39 +0000 2022,-0.7874559999999999,50.840918,@AdamBienkov Starmer is pure class
1516462290979205128,KitNerdUK,Tue Apr 19 17:02:39 +0000 2022,-2.6885635,51.478042,@MiloDZN @nb_shirts I‚Äôve a BNIB one coming if the code fails you üòò
1516462299854299143,miketwinny,Tue Apr 19 17:02:41 +0000 2022,-2.915427,53.4198785,@Sssss62020130 @LukwesaBurak Quit while your winning mate
1516462301997633549,monkeyboymorgan,Tue Apr 19 17:02:41 +0000 2022,-1.999259,52.5962595,"@Karenlovecheese Every time I see her speak, I wish she had a mic in hand so she could drop it."
1516462303927050245,Lamhfada,Tue Apr 19 17:02:42 +0000 2022,-9.1065045,53.343312999999995,@pneumismatist The Spanish Inquisition killed its last Heretic (a French man accused of teaching Deism) in 1820 som‚Ä¶ https://t.co/arU5vnTuhd
1516462310822486016,AmandaHuxtable1,Tue Apr 19 17:02:44 +0000 2022,-2.250699,52.381068,@CRTContactUs May I have an update please.
1516462319869603843,nicholas_quish,Tue Apr 19 17:02:46 +0000 2022,0.317777,51.4864855,How low are the opposition going weaponized statements of those who died from covid19. https://t.co/t188vlEN4W
1516462321085861896,WallyBlueEyes,Tue Apr 19 17:02:46 +0000 2022,-3.322319,55.8946325,#JohnsonTheLiar not many Tories left on the back bench behind Bojo at 6pmFeck that they say I'm starving.‚ùÑÔ∏è
1516462327637368846,joemuggs,Tue Apr 19 17:02:48 +0000 2022,-0.5488355,51.316522,And talking of being unashamed of straight-up JOY - I am really excited to be seeing Jude here launch her brilliant‚Ä¶ https://t.co/5ene8KjHdj
1516462327398338563,StacySinclair85,Tue Apr 19 17:02:48 +0000 2022,-4.2417514999999995,55.85830249999999,Good old Glasgow town #Glasgow #cityscape #photography #photooftheday #photo #PhotoModeMonday #photographylovers‚Ä¶ https://t.co/Q5NRTZxqNu
1516462331890389003,FietsterGlasgow,Tue Apr 19 17:02:49 +0000 2022,-4.2417514999999995,55.85830249999999,"@Pflax1 Elswick Sovereign. Xmas 1980. I was 12 and this was my first ""racing bike"".It weighed about a ton &amp; a half‚Ä¶ https://t.co/rvW30kSSnQ"
1516462333794603015,CamGray16,Tue Apr 19 17:02:49 +0000 2022,-3.3731165,51.676559999999995,@TheWelshDragon9 I bet the website has crashed already
1516462342376202241,Westyorks73,Tue Apr 19 17:02:51 +0000 2022,-1.787248,53.7128295,"Being out with friends today has made me realize how precious life is you are all amazing, enjoy life, live the bes‚Ä¶ https://t.co/3SpBsDHNdU"
1516462349074538512,HendryStephn,Tue Apr 19 17:02:53 +0000 2022,-5.1038295,56.839138500000004,He is the First Ministers of England and the representatives of the majority of Englands electorate want him to sta‚Ä¶ https://t.co/PXd2K3nqJz
1516462351335235587,Leulah,Tue Apr 19 17:02:53 +0000 2022,-6.395315500000001,52.957955999999996,Took me far too long Framed #39üé• üü• üü• üü• üü© ‚¨õ ‚¨õhttps://t.co/39A875HP3g
1516462352069234690,Inspiredbyabjay,Tue Apr 19 17:02:53 +0000 2022,-0.22554249999999998,51.979155,@TWDirtyGirls Great way to spend EasterHope your Easter WAS great @SivaKaneswaran
1516462353914728454,MatthewPFirth,Tue Apr 19 17:02:54 +0000 2022,-1.664672,53.7018195,@those_this It‚Äôs an exact equivalence. You are being hypocritical.
1516462355189800960,TerryCulkin1,Tue Apr 19 17:02:54 +0000 2022,-1.5900064999999999,54.861194,"Such a simple painting, one object and a backdrop of cloth, but what a beautiful painting it is. Just look at the l‚Ä¶ https://t.co/6VU8G8uKQh"
1516462359715491843,mumfiemum,Tue Apr 19 17:02:55 +0000 2022,-3.6539585,55.8934405,"@msjanebond007 I doubt it, and I can't see the British public buying his Boolocks."
1516462360516517893,G7SEV,Tue Apr 19 17:02:55 +0000 2022,-6.2476215,53.354902499999994,@rae_mufc @JesseLingard I fear it might be a sad dance https://t.co/cSHQBTXX4H
1516462367374196738,MarkmaccaMc,Tue Apr 19 17:02:57 +0000 2022,-2.915427,53.4198785,@redsinky @GaryMerseybox What a legend Jimmy was.. Sad day
1516462367474917387,thomasbowell,Tue Apr 19 17:02:57 +0000 2022,-0.16035850000000001,51.173758,Great work!#VoteLabour
1516462372650692616,TCVHaringey,Tue Apr 19 17:02:58 +0000 2022,-0.102162,51.5879015,The white butterflies of #thepaddockn17. A delightful treat after coming back from Easter! Male Orange-tipGreen-‚Ä¶ https://t.co/4ji1aT3uOT
1516462376085856262,heightsfarmali,Tue Apr 19 17:02:59 +0000 2022,-2.8969605,53.7466515,@ashleyrclark1 @AidWarwickshire @The_Last_Hurdle @BulleyJulian @PiggyMarketNo1 @Jason_Culleton @ACanvasaDay‚Ä¶ https://t.co/Mh0pknepAu
1516462376224239621,amyjohnson18,Tue Apr 19 17:02:59 +0000 2022,0.30108250000000003,52.756662,@yungblud Please see this. XXhttps://t.co/Vgm2O5rvYJ
1516462379441209346,Turtleflea1,Tue Apr 19 17:03:00 +0000 2022,0.3064905,52.4565375,@SkyNews I would suggest that the news watches Fabricant‚Äôs face carefully while @Keir_Starmer talked today about th‚Ä¶ https://t.co/Ydl11utdkK
1516462391688679436,MrPaulBanjo,Tue Apr 19 17:03:03 +0000 2022,0.2883645,51.5129015,I'm feeling 4-0 Liverpool With harry maguire united can never make it üôè
1516462392263254016,StephenPihlaja,Tue Apr 19 17:03:03 +0000 2022,-1.8906405,52.4939665,"@coseleywalt Yeah but if the position is now everything is in the staff bulletin, we don't send individual emails,‚Ä¶ https://t.co/wP7F92PXkP"
1516462396054941698,ConorMcShane12,Tue Apr 19 17:03:04 +0000 2022,-6.344168,54.175135499999996,@Kevin_Maguire Just waiting to glance at tomorrow's pages of the The Daily Fail and the Depress and the Torygraph e‚Ä¶ https://t.co/eLA4jrEhfj
1516462402912534536,Lyndacakebaker,Tue Apr 19 17:03:06 +0000 2022,-4.200441,57.739454,Back home from work &amp; sitting outside!!! I left this morning having to defrost the car!! #scottishweather #spring‚Ä¶ https://t.co/rbNp3oLrSM
1516462406922383360,EgglestonMathew,Tue Apr 19 17:03:06 +0000 2022,-1.7874955,52.447226,Forgot I had Rosie in the car and she was off mad . Now she won‚Äôt talk to me https://t.co/hYOHCqZGEw
1516462410042855428,christianamys,Tue Apr 19 17:03:07 +0000 2022,-0.10944153,50.92576897,Just posted a photo @ The Macs Farm https://t.co/Z947ZhijxB
1516462412483993605,gavf1874,Tue Apr 19 17:03:08 +0000 2022,-3.477731,55.9345175,Reppin in the local for @TeenageFanclub tonight https://t.co/kqpKvN0Zj2
1516462419995934721,SieurdePonthieu,Tue Apr 19 17:03:10 +0000 2022,-0.39004099999999997,50.8313395,"@spawnofthediva_ Channel Judy Garland from ""Meet Me in St Louis"""
1516462423938641920,MsVPhelan,Tue Apr 19 17:03:11 +0000 2022,-1.664672,53.7018195,Productive day! üíô
1516462426463608843,TwitchUnited2,Tue Apr 19 17:03:11 +0000 2022,-1.4707785,52.915530000000004,"No cheating, press paste under this tweet üò≥"
1516462426828464128,S0UNDK1LLAH66,Tue Apr 19 17:03:11 +0000 2022,1.714187,52.59503,@90percenters Maybe his wig has put some weight on?
1516462427906482178,yagirlclarkey,Tue Apr 19 17:03:11 +0000 2022,-0.0784765,53.556467,Was getting harassed by this random bloke and some women I didn't know saved me from him because they could tell I‚Ä¶ https://t.co/oXUky6J39U
1516462429546467336,So_Scottish,Tue Apr 19 17:03:12 +0000 2022,-3.2030085,55.9431955,@LindaPeters64 @TheTravelCamel @JLipowski @RTWBarefoot Thanks! I‚Äôm glad to be here. ^Sharon #trlt
1516462432306225156,heightsfarmali,Tue Apr 19 17:03:13 +0000 2022,-2.8969605,53.7466515,@CarolPoyerPeett Beautiful ü§©
1516462433954635776,Darrenmichael0,Tue Apr 19 17:03:13 +0000 2022,-0.055730999999999996,51.718321,@peter_pdm No go ahead. Have 1 for me too lol
1516462438903959562,monkeyboymorgan,Tue Apr 19 17:03:14 +0000 2022,-1.999259,52.5962595,"@Karenlovecheese In a 'there you go' way, not a not speaking way. üòÇ"
1516462439092600841,Theresa_Furey,Tue Apr 19 17:03:14 +0000 2022,-2.3200564999999997,52.1193725,@ifixhearts @lowcarbGP They are all pro inflammatory
1516462441546326018,Northlander74,Tue Apr 19 17:03:15 +0000 2022,-1.515918,55.183705,@IVSoftware I loved this game üòç https://t.co/fjttotj1Ji
1516462442305495057,JPR4LIFE,Tue Apr 19 17:03:15 +0000 2022,-0.7277635,53.754509999999996,@TheKCPayne My condolences brudda.
1516462448328462339,DJDEX6,Tue Apr 19 17:03:16 +0000 2022,-1.7856895,51.5730085,@AngelaRayner Q: Are you allowed to stand and talk at PMQ's if Keir has already spoken or can you only speak at the‚Ä¶ https://t.co/DOZ1RzWqv5
1516462449783934982,JackPackman,Tue Apr 19 17:03:17 +0000 2022,1.416219,51.3520735,Here again at St George's Community Meal. The volunteers here provide a free meal each week all year round. True‚Ä¶ https://t.co/6EPfcgLcvE
1516462452489265155,Rachaey2003,Tue Apr 19 17:03:17 +0000 2022,-3.04463246,53.59138361,"Creating a chalkboard loft hatch #chalkboardpaint #diy #littlebitofpaint @ Woodvale, Merseyside https://t.co/iSgLZF49vf"
1516462459661529088,CecilieHolter,Tue Apr 19 17:03:19 +0000 2022,-0.17311500000000002,51.524835499999995,Still backtracking! üôÑüò®üá©üá™
1516462460768866308,Turtleflea1,Tue Apr 19 17:03:19 +0000 2022,0.3064905,52.4565375,@SkyNews I would suggest that the news watches Fabricant‚Äôs face carefully while @Keir_Starmer talked today about th‚Ä¶ https://t.co/aLvPvgvBka
1516462462001946633,burnsroy72,Tue Apr 19 17:03:20 +0000 2022,-5.928413,54.595869,"@News_Letter The Conservatives must look after their buddies, mostly themselves, in the property rental racket. The‚Ä¶ https://t.co/FPfTahiLtC"
1516462461582467073,journalost90,Tue Apr 19 17:03:20 +0000 2022,-0.0252675,51.125974,@jessphillips rocking some serious bike lock chic. #PMQs https://t.co/sqyZtMwjr7
1516462464367484928,AshlingSheehan7,Tue Apr 19 17:03:20 +0000 2022,-8.0543455,52.874492000000004,Well done üëè üëèüëè@ywitipp delighted to support the  launch of the award  #youthworkworks
1516462467861389315,marigoals_,Tue Apr 19 17:03:21 +0000 2022,-0.49969300000000005,50.8200905,@paulhog 100 average I‚Äôd guess. 65 vs Seaford at home on a 3pm Saturday KO once!
1516462468746420240,MarkSJordan,Tue Apr 19 17:03:21 +0000 2022,-2.7131525,52.057869,@Marcino_87 @Flight_Refunds @easyJet Thanks for that! ü§£
1516462471753650178,frankum_ian,Tue Apr 19 17:03:22 +0000 2022,-3.5148764999999997,50.72094,@bomstickle @StiltonBargains @stillwhufc @scott_gambier Any away in the home end (there will only be a few)  should‚Ä¶ https://t.co/VgnoRiegen
1516462478837927936,wildlife_art,Tue Apr 19 17:03:24 +0000 2022,-3.927119,50.997507,@chriskclark Thank you üòä
1516462485527838733,Alitronic500,Tue Apr 19 17:03:25 +0000 2022,-0.2527539999999999,51.3854455,@MotionMarkus Wen Pizza Friends Under The Sea
1516462490070224906,Lucasglory___,Tue Apr 19 17:03:26 +0000 2022,0.026298999999999996,51.39432,@cockney_yid @jamiestelling @SkySportsPL I always listen to Bein because I‚Äôll get the actual PL commentators.
1516462497989120009,jessystardust,Tue Apr 19 17:03:28 +0000 2022,-1.4496120000000001,53.3831645,First day bank went alright üëçüèª Feeling pretty positive still and picked up some black olives and sundried tomatoes for tea ü§§
1516462498123325441,Cybertack01,Tue Apr 19 17:03:28 +0000 2022,-0.018734,51.5992555,"Cybertack found #ethereum in a Blue vault at this location! Join me playing #coinhuntworld, It's awesome!‚Ä¶ https://t.co/jnNRlEmbjS"
1516462504192401408,NeedraNmartins,Tue Apr 19 17:03:30 +0000 2022,-1.7856895,51.5730085,They already  start  to hunt us‡∂ª‡∑è‡∂¢‡∂¥‡∂ö‡∑ä‡∑Ç  get lost#R.I.P #GotabayaRajapaksa #GotaGoHome @UNICEF  please  lookvin‚Ä¶ https://t.co/qsKH9CakKA
1516462508025987076,FlywheelMedia1,Tue Apr 19 17:03:31 +0000 2022,-0.6320675,52.810056,@YICETOR I can‚Äôt even find the words now to express the depth and breadth of my loathing for him and his band of fr‚Ä¶ https://t.co/W38PCHSy2h
1516462508286038020,Craig_ADHD,Tue Apr 19 17:03:31 +0000 2022,-4.133708,51.0914405,@staceyiona It is the entire brain shutting off as the amygdala cannot cope with the input. Your brain does this to‚Ä¶ https://t.co/qDuko4Bv7b
1516462509166837764,jerrylatter,Tue Apr 19 17:03:31 +0000 2022,-0.0706035,51.464686,@SimonMcCoyTV Good wordle starter that
1516462510072815624,HayleyKenward,Tue Apr 19 17:03:31 +0000 2022,-0.0752265,50.831866500000004,Come and join #TeamMartlets üíô This is a brand new event in the stunning surroundings of Stanmer Woods/Park.
1516462513382203392,spiderlegs101,Tue Apr 19 17:03:32 +0000 2022,-4.200441,57.739454,@JaiVee6721 @CelticGossip Hows that big man? They get dingys from Calais. If they don't want to go to Rwanda go thr‚Ä¶ https://t.co/fRHblH5CiJ
1516462513713553415,Taise198331,Tue Apr 19 17:03:32 +0000 2022,-5.55157,54.644581,Seen this newt go from one pond to a ditch and eating these tadpoles! What kind of newt was-it also seen four jays‚Ä¶ https://t.co/E7KoEi8ZB2
1516462516683128835,spideytaemin,Tue Apr 19 17:03:33 +0000 2022,-0.18919,51.5037865,Help
1516462517958152202,meganjrenee,Tue Apr 19 17:03:33 +0000 2022,-9.0333065,51.903863,They took Aldi off Deliveroo it‚Äôs so annoying
1516462519996588046,jonnyharvey11,Tue Apr 19 17:03:33 +0000 2022,-5.928413,54.595869,What‚Äôs the point of theis sham of a PMQs? nothing but bluster and diversion from PM and his Party ‚Ä¶yet absolutely z‚Ä¶ https://t.co/iCta1Fy5FF
1516462523066765313,philwoodwiss1,Tue Apr 19 17:03:34 +0000 2022,-1.9086165,53.863766999999996,@Pomeranianslave The bigger problem is who would replace him? ü§î xx
1516462524899672068,rozhall,Tue Apr 19 17:03:35 +0000 2022,-0.0017345,50.847193000000004,@techbubble The best one yet
1516462525675708418,GaryDewhurst,Tue Apr 19 17:03:35 +0000 2022,-2.768452,53.0228725,V impressive üëèüëèShe looks an absolute beast.
1516462528448057345,eyeasylash,Tue Apr 19 17:03:35 +0000 2022,-0.1094,51.5141,"Just posted a photo @ London, United Kingdom https://t.co/or2FQNIiap"
1516462532038438915,nakedcleaning23,Tue Apr 19 17:03:36 +0000 2022,-4.14293,50.402215,Name 3 things that make you happy? ‚ù§Ô∏è
1516462532822769668,GreenBagOG,Tue Apr 19 17:03:36 +0000 2022,-1.033947,54.0330685,It's cocking it's leg to have a wee! https://t.co/Nva197w1kD
1516462535028973575,annholmes3,Tue Apr 19 17:03:37 +0000 2022,0.07886299999999999,51.584990000000005,"@BowlsEngland Help! Where can we get our bowls tested &amp; restamped please? Am in London &amp; googling like mad, but not‚Ä¶ https://t.co/a4aJBzAOiP"
1516462536698306561,Nick4125,Tue Apr 19 17:03:37 +0000 2022,-2.056257,52.4561775,@aviosAdventurer I hold the Labour membership responsible for electing an antisemite as leader. His local party for‚Ä¶ https://t.co/pa2OlORtYT
1516462537226788871,SteveyAsp,Tue Apr 19 17:03:38 +0000 2022,-2.7164625,53.32798,"@thechels1 He‚Äôs never going to resign, it‚Äôs a waste of time everyone calling for it‚Ä¶He lied, ducked and dived throu‚Ä¶ https://t.co/fTYUmwjvo9"
1516462537180688392,DuncanLamont2,Tue Apr 19 17:03:38 +0000 2022,-3.2030085,55.9431955,@BullandBaird @awealthofcs You can now get positive real yields on longer dated TIPS. Not to be sniffed at‚Ä¶
1516462537985990658,peterdamianent1,Tue Apr 19 17:03:38 +0000 2022,-2.2052519999999998,53.8375875,"@CarolineLucas MPs on your side of the House are complicit in this. You permit, even accommodate, his lying and cor‚Ä¶ https://t.co/66SRfpNQxo"
1516462537990103045,PPI_poppet,Tue Apr 19 17:03:38 +0000 2022,-1.396467,50.921327500000004,@noodles_nood Definitely go. You can always debunk early if you want to. I miss sitting in with our PGs. It was gre‚Ä¶ https://t.co/QdVLtrsMLq
1516462538971623429,ZarBeck26,Tue Apr 19 17:03:38 +0000 2022,-0.4323375,51.8944435,@yayyay1983 @robsnodgrass7 @LutonTown Love it !
1516462540246630405,roshbeth,Tue Apr 19 17:03:38 +0000 2022,-5.928413,54.595869,@Planet_Belfast @MarkYoung23 @eastantrimmp NI's Sammy Wilson is almost certainly the one Westminster MP who broke C‚Ä¶ https://t.co/okfB0uzIIr
1516462542016688129,pastapete7,Tue Apr 19 17:03:39 +0000 2022,-2.9456170000000004,53.111475,"@SueSuezep If nobody is responsible to ‚Äòpolice‚Äô the code, what is the point of having it?"
1516462543526633474,CairtersSMFC,Tue Apr 19 17:03:39 +0000 2022,-4.424785,55.834731,"@mikeysmith Poor Sammy, he's still trying to work out if the dinosaurs came before or after the Romans."
1516462545560911873,timmckane,Tue Apr 19 17:03:40 +0000 2022,-6.235720000000001,53.494597999999996,"@mccausland_john @JimAllister Nah, in the pathetic stakes Sammy has him beat."
1516462548769546240,keldaaa,Tue Apr 19 17:03:40 +0000 2022,0.21058949999999999,51.560587,"Whoever votes for conservative ever again needs their head checked. 10 years of hell, it‚Äôs never getting any better"
1516462547045695495,chrisphin,Tue Apr 19 17:03:40 +0000 2022,-2.955045,56.476952,"If you record in a space that has consistent noise (there‚Äôs whistling pipework in the new studio I‚Äôm building, for‚Ä¶ https://t.co/ldyYOJRrj1"
1516462557908848645,3LittleWolves1,Tue Apr 19 17:03:42 +0000 2022,-1.8906405,52.4939665,@MLKmusic80 @Dictator_Band Agreeeeeeed üëè üê∫üê∫üê∫
1516462560333213711,jessystardust,Tue Apr 19 17:03:43 +0000 2022,-1.4496120000000001,53.3831645,First day back went alright üëçüèª Feeling pretty positive still and picked up some black olives and sundried tomatoes for tea ü§§
1516462563680268297,LeeRender,Tue Apr 19 17:03:44 +0000 2022,-1.76682,53.8159335,@_SteveAB ü§£ü§£ü§£ Mind is it comfy so far‚Ä¶the uniform not the cup lol
1516462564858806272,AdeMitchell,Tue Apr 19 17:03:44 +0000 2022,-2.234363,51.885475,@jelloubean He was basically a Lidl version of Wayne Lineker.
1516462565852917760,Doojzie,Tue Apr 19 17:03:44 +0000 2022,-0.33706250000000004,51.595833,Intact standing alone since first light in the eyes of society's spectrum I still atire to the fact my fears shall‚Ä¶ https://t.co/T9fwjkNouB
1516462564624023559,DrChrisMooreEP,Tue Apr 19 17:03:44 +0000 2022,-5.806532,54.713739,Lovely day for a walk by the sea at Carrickfergus #EasterTuesday #NaturePhotography https://t.co/FQ62XciZWJ
1516462574736392207,MySpanishVocab,Tue Apr 19 17:03:46 +0000 2022,-2.2773,53.43835,"Verb   pasearse, ir de paseo, dar un paseo ,    to go for a walk     #Spanish #Vocab #SpanishVocab"
1516462576321896455,LandroverRich,Tue Apr 19 17:03:47 +0000 2022,1.0775389999999998,51.800671,Let me guess @GilesWatling - you still support @BorisJohnson despite his lies and fake apologies?
1516462578586816513,macgabhann31,Tue Apr 19 17:03:47 +0000 2022,-8.6450685,54.193422,@dubdonaldson @sligohub1 @SligoWalks @SligoWalkTour @sligotourism Drop up. You would be welcome here üëç the county and area are amazing.
1516462579480211458,ColinGribble,Tue Apr 19 17:03:48 +0000 2022,-0.442361,51.537060999999994,"I voted for Corbyn; not particularly because I was a fan, but I pay attention and saw De Pfeffel for what he is.Bu‚Ä¶ https://t.co/UXC0F6Gjo0"
1516462579668897800,AntcoxCox,Tue Apr 19 17:03:48 +0000 2022,-0.5830245000000001,51.40294,"For @BorisJohnson its just a game of charades, has no meanings for him.He will go away and have a good laugh.‚Ä¶ https://t.co/XoAu0jWrOO"
1516462582307168259,Samsoprano30,Tue Apr 19 17:03:48 +0000 2022,-1.2225015,54.5594145,Lies
1516462585067057157,SusanDo97707453,Tue Apr 19 17:03:49 +0000 2022,-4.2417514999999995,55.85830249999999,@GardenNicola He's delusional then
1516462585650065417,AmbroseBarnaby,Tue Apr 19 17:03:49 +0000 2022,-0.22078,51.475255,Back again #FFC https://t.co/iA7faae3CJ
1516462592516108297,WolfieLoneSome,Tue Apr 19 17:03:51 +0000 2022,-4.200441,57.739454,"@sophiegrenham Yes 57 years later, it's manners, after all they are charged with taking care of our lives and getti‚Ä¶ https://t.co/JX1Y1CK7XF"
1516462594072236042,BenJamesPhotos,Tue Apr 19 17:03:51 +0000 2022,-0.191723,50.839574999999996,@chris_alpacas @StormHour @ThePhotoHour @HollyJGreen @PhilippaDrewITV @WeatherAisling @BBCSouthWeather‚Ä¶ https://t.co/1LKE72Bt82
1516462594353246216,Westyorks73,Tue Apr 19 17:03:51 +0000 2022,-1.787248,53.7128295,Why can't all toilet's be like this üòàüê∑
1516462596718829570,KayleighChesh,Tue Apr 19 17:03:52 +0000 2022,-2.6833035,52.9700565,@ChirkCastleNT Anither Easter trail done! Love the @nationaltrust https://t.co/iqUGd8QHt3
1516462600489512960,funksoulHulk,Tue Apr 19 17:03:53 +0000 2022,-1.5538284999999998,54.535778,@alanlyons33 @Kevin_Maguire And the other at least 5 parties?
1516462600946688002,WilliamAvery,Tue Apr 19 17:03:53 +0000 2022,-2.5853900000000003,51.457876999999996,Wang Sicong must have tapped into existing doubts and discontents when he spoilt a company's stock price with a Wei‚Ä¶ https://t.co/reqXabFfMO
1516462601512828934,KateHunterShoot,Tue Apr 19 17:03:53 +0000 2022,-1.4773725,50.9948175,"@AlfieBoe @BBCiPlayer @Iceman_Hof Looking forward to it, it's totally bonkers ü§£‚ùÑÔ∏è"
1516462601714216965,garethj57708138,Tue Apr 19 17:03:53 +0000 2022,-4.0016169999999995,52.404436,@OneMoreGoodMan Obviously
1516462602607644678,LTLabour,Tue Apr 19 17:03:53 +0000 2022,-2.081737,57.1073965,I'm a member of @CoopUK and I'm voting #YesToMotion9 to continue the historic partnership between @CoopUK and‚Ä¶ https://t.co/g6IbYimg7V
1516462607279996928,GaryHatt1,Tue Apr 19 17:03:54 +0000 2022,-0.022186,52.4951725,@AlexisGreenTV Good evening Alexis
1516462608190218248,Edwardoo1974,Tue Apr 19 17:03:54 +0000 2022,-2.3267745,53.4001995,@MindBodySoleUK Whenever I'm in this woman's company @CurlyRuthRuns x https://t.co/FyLGSufpnk
1516462612011270154,pauljam19759849,Tue Apr 19 17:03:55 +0000 2022,0.026298999999999996,51.39432,@TEKKS84 @jpwxm91 This is very true but imo our home support is the best in the country especially for consistency üëçüèª
1516462616423587842,CoreyJW91,Tue Apr 19 17:03:56 +0000 2022,-3.32697,51.643863499999995,@nationalwales No point in a vote when people are instructed which way to vote.
1516462617971380229,GrahamW19859929,Tue Apr 19 17:03:57 +0000 2022,-2.6056435000000002,53.8274185,@jakepaul @MostVpromotions @Serranosisters Taylor late stoppage love to win this be like Christmas coming early
1516462618223026187,aistronach,Tue Apr 19 17:03:57 +0000 2022,0.5115780000000001,52.2204505,Tom Hunt MP‚Äôs wiki is fascinating. https://t.co/gfF5DlC4QG
1516462623134470144,TrymoreBeers,Tue Apr 19 17:03:58 +0000 2022,-2.4837505,53.728524,@JoeMcCabe12345 That looked very nasty. ü§û
1516462624371785729,TabzOBrien,Tue Apr 19 17:03:58 +0000 2022,-2.23348,53.4569525,"These MPs love to use the language of Restorative Justice when it suits them, and them only, don‚Äôt they ü§îüò°"
1516462625613393924,Migscellin,Tue Apr 19 17:03:59 +0000 2022,-5.1971515,50.255437,"Dad really liked my first EP. Said when he hears me put out stuff like that when I'm not trying, it makes him excit‚Ä¶ https://t.co/qYZztkKpBT"
1516462625764392974,lanceloto,Tue Apr 19 17:03:59 +0000 2022,-2.7357495,51.415371,"How on earth could it not of occurred to @BorisJohnson subsequently? I mean everyone was telling him, showing him.‚Ä¶ https://t.co/hPXc58tQ2H"
1516462627450503182,DaveOfYork,Tue Apr 19 17:03:59 +0000 2022,-1.0853245,53.9662065,Tories spaffing their dignity up the wall to keep big dog in power.#NoConfidenceMotion #Partygate
1516462637852332036,RussCheshire,Tue Apr 19 17:04:02 +0000 2022,-5.649891,56.294562,Always more fun than politics...#Argyll #Scotland https://t.co/ppq8NIb5Zz
1516462639488114696,AceFan23,Tue Apr 19 17:04:02 +0000 2022,0.717781,52.2481655,@Playlikeajet1 @MoveTheSticks If the cost is that low it's a no-brainer.  Depends on how high they feel they need to go and what it'll cost.
1516462640834482180,Marta_Malinko,Tue Apr 19 17:04:02 +0000 2022,0.1862015,51.278716,@hollarabbitmac Bionic Nature Collection‚Ä¶üòä https://t.co/BG6Nj7D6oT
1516462643363684359,gwynpw,Tue Apr 19 17:04:03 +0000 2022,-3.0466740000000003,53.423567500000004,@omnisophos I agree with all that.
1516462643812446214,fibrefresh,Tue Apr 19 17:04:03 +0000 2022,-2.982074,53.0534265,@H44MlLTON Oh shut up KAREN
1516462645523722244,JoePorterUK,Tue Apr 19 17:04:03 +0000 2022,-2.115866,53.0737115,Excellent @EnvironmentAPPG event on the Environment Act with @DefraGovUK Minister @pow_rebecca: ü¶ã Halt decline of‚Ä¶ https://t.co/CemgfFzbyx
1516462647457234948,funksoulHulk,Tue Apr 19 17:04:04 +0000 2022,-1.5538284999999998,54.535778,@NickolettaZ @alanlyons33 @Kevin_Maguire And thebother events
1516462660866428931,stedge27,Tue Apr 19 17:04:07 +0000 2022,-0.7753315000000001,52.373667999999995,@MrsBrett1066 Phew
1516462661533319174,JonathanMeres,Tue Apr 19 17:04:07 +0000 2022,-3.2030085,55.9431955,@PenguinBooks Belgium.
1516462661977968643,Soctty123,Tue Apr 19 17:04:07 +0000 2022,-4.424785,55.834731,@definitivegazer Not a chance.
1516462663236304896,CEmWilliams,Tue Apr 19 17:04:08 +0000 2022,0.135916,52.200974,Thank you to colleagues @CUH_NHS and @RoyalPapworth for welcoming me today to hear about your approaches to special‚Ä¶ https://t.co/nYG2TMwgef
1516462667061501968,DKAYEMBE,Tue Apr 19 17:04:08 +0000 2022,-3.11429,55.8761975,@martineirakoze I am very well of those facts !!
1516462668688891907,MarcusMegastar,Tue Apr 19 17:04:09 +0000 2022,-0.1937195,51.4516565,I'm on from 7pm tonight at Battersea's answer to the The London Palladium @magic_pubCome and dance with me!‚Ä¶ https://t.co/03V32ohahN
1516462674279907333,ugIymermaid,Tue Apr 19 17:04:10 +0000 2022,-4.0662275,55.778186,Am I pathetic and saved a streamer from Louis' gig? Yes. I am.
1516462676779704320,steve_n_o,Tue Apr 19 17:04:11 +0000 2022,-1.8906405,52.4939665,Curious as to why you had to come to twitter to campaign. Crowwe was not enough?
1516462679820537867,mawdes,Tue Apr 19 17:04:12 +0000 2022,-1.6278505,55.051949,"@danieljelsom Just what was talking to Joy about the other Friday, fingers crossed we can keep him in some sort of role"
1516462681821229057,AlanPaddock4,Tue Apr 19 17:04:12 +0000 2022,-2.0193015,52.609511499999996,"@notanumber66 @palaceviking @jessphillips Patrick McGoohansBetter than being a member of your """"Gutless non Social‚Ä¶ https://t.co/cmRcXqI7OZ"
1516462683054293008,parkendgoodison,Tue Apr 19 17:04:12 +0000 2022,-2.915427,53.4198785,So should the womens institute be allowed to only admit women! Don‚Äôt see any outrage over that?
1516462682290937872,ElizabethNyigor,Tue Apr 19 17:04:12 +0000 2022,-0.127357,51.499356,Attended Easter Sunday service at Westminster Abbey. I loved that I was spending Easter in a place with so much his‚Ä¶ https://t.co/KwZ8BMP4GL
1516462686158180359,philwoodwiss1,Tue Apr 19 17:04:13 +0000 2022,-1.9086165,53.863766999999996,@jessi_asli Thats me at Rehab in the pool üòÅ xx
1516462686690807814,Andyabccoaching,Tue Apr 19 17:04:13 +0000 2022,-2.7751315,54.068005,"@owainroderick1 Perry suckling , Bobby Mimms on loan ,Erick Nixon all better than him"
1516462690784403460,kforfitz_Wayne,Tue Apr 19 17:04:14 +0000 2022,-6.815333,53.15480650000001,@GeorginaQuinlan Sorry for your loss ‚ù§Ô∏è
1516462693112242180,ElizabethNyigor,Tue Apr 19 17:04:15 +0000 2022,-0.127357,51.499356,I also find it so interesting both Charles Darwin and Isaac Newton are buried in Westminster abbey! https://t.co/W0xdZtYmJr
1516462697650524167,STEPHENJOHNEDW4,Tue Apr 19 17:04:16 +0000 2022,-0.1923765,51.8071275,"@loops_912 Yes,London is unique in a way. A lot of the white working-class have moved out already,the more affluent‚Ä¶ https://t.co/bnARmqMmD9"
1516462698883686404,Marcz__,Tue Apr 19 17:04:16 +0000 2022,-2.7751315,54.068005,Like if I could just be honest with my bitch would she still be down?
1516462699642826754,TheRealDrowzy,Tue Apr 19 17:04:16 +0000 2022,-0.0601675,51.547644500000004,#ITSNOTDAT BITCH ‚õîüö´‚õîüö´‚ö†Ô∏è‚ò¢Ô∏è‚ò£Ô∏è‚ò¢Ô∏è‚ö†Ô∏èü§êüíØ
1516462702549475337,Aily_NC,Tue Apr 19 17:04:17 +0000 2022,-8.761319,52.518414500000006,Have you met the @SocDems?
1516462703296061440,neil_harkness,Tue Apr 19 17:04:17 +0000 2022,-2.430357,55.603401500000004,"@petermacmahon @Keir_Starmer @BorisJohnson Fabricant smiling halfway through it , that‚Äôs your story that‚Äôs your Tories"
1516462704021626883,larkingrumple,Tue Apr 19 17:04:17 +0000 2022,-0.13587,51.574616,"@DavidPNice @YouTube I agree, David. He had so much more yet to give."
1516462704613019655,Pauline25308430,Tue Apr 19 17:04:17 +0000 2022,-2.955045,56.476952,"@cashley_ade Nooo, Slessor Gdns pal"
1516462706110476292,rbarnett08,Tue Apr 19 17:04:18 +0000 2022,-6.227677,54.4785625,Fiest time I've noticed the RTP protocols described as 'graduated'. Assuming neither will be available for the Muns‚Ä¶ https://t.co/CS5K2D7MiQ
1516462706542456833,Oliver___Brett,Tue Apr 19 17:04:18 +0000 2022,-0.102162,51.5879015,@debedee21 Fortunately not required https://t.co/LNPWlYsz2H
1516462709268746251,nick1975,Tue Apr 19 17:04:19 +0000 2022,-1.4813515000000002,52.516656999999995,@Visit_Wakefield Must be a different Rothwell.
1516462712452231172,Russ704,Tue Apr 19 17:04:19 +0000 2022,-3.8027854999999997,56.0119155,@susie_mccabe He was that pissed he had Dougal from The Magic Roundabout on his head.
1516462713169498114,Garybo1977,Tue Apr 19 17:04:19 +0000 2022,-6.81351,54.667202,@C_Smix @TheWickerSam @UlsterHall Lol but just as handsome
1516462713270120449,LangtounL,Tue Apr 19 17:04:20 +0000 2022,-3.1667955,56.117733,@FifePolice @PoliceScotland dumping a van full of rubbish in the recycling bins (wasn't glass bottles thats for sur‚Ä¶ https://t.co/f4CCXpcsNo
1516462717242126344,MatthewPFirth,Tue Apr 19 17:04:20 +0000 2022,-1.664672,53.7018195,@CDP1882 @calvinrobinson It‚Äôs happened to me too Charlie. And to John Hudghton. And to others.
1516462721394528260,GiselleDye,Tue Apr 19 17:04:21 +0000 2022,-3.2030085,55.9431955,@Mark_J_Harper @SirGrahamBrady üëè #backbone and #integrity. I am not a Tory voter (and never will be) but I believe‚Ä¶ https://t.co/40CuUOVkwx
1516462723571277829,maryamaaa7,Tue Apr 19 17:04:22 +0000 2022,-0.0350195,51.5148305,"Summer is our season, me and you üíï"
1516462724498300931,DiasporaDan,Tue Apr 19 17:04:22 +0000 2022,-3.611716,57.3286565,@eleanormorgan Diagnosed as an adult last month. It was being forced to work from home long term that did it for me‚Ä¶ https://t.co/ig6fg4qytV
1516462725060300804,ChoirboyDave,Tue Apr 19 17:04:22 +0000 2022,-1.880396,50.826640499999996,@sunnydls Would make a great front page for the final programme of the season on Saturday.
1516462730668134405,mumfiemum,Tue Apr 19 17:04:24 +0000 2022,-3.6539585,55.8934405,@JohannaSaunders The opposition are playing a blinder
1516462731045523464,WorleyImogen,Tue Apr 19 17:04:24 +0000 2022,-1.573756,50.870057,Great late afternoon in the New Forest üå≥üê¥ @newforestdc #nature #Horses #outdoors https://t.co/5pmRHyrT7B
1516462733155258375,suzeperunknown,Tue Apr 19 17:04:24 +0000 2022,-6.0623535,54.516031,"@SpotifyCares I'd like it to work, first of all. You know there is an issue with Samsung users and yet you have still not fixed it!"
1516462733578878984,leota101,Tue Apr 19 17:04:24 +0000 2022,-2.712561,53.522951,@TEXrasclart @SaintUnderwood Hahaha I think I can manage that
1516462733901930508,Spanglish51,Tue Apr 19 17:04:24 +0000 2022,-1.9184565,53.2531495,"Johnson is going to ‚Äòsort out ‚Äò Northern Ireland , because the NI Protocol threatens the Good Friday Agreement.Ca‚Ä¶ https://t.co/xUyIfbqSMA"
1516462735013339142,foxy1903afc,Tue Apr 19 17:04:25 +0000 2022,-2.1270405,57.160556,@lauraabdn Enjoy
1516462745427886087,damiensreenan,Tue Apr 19 17:04:27 +0000 2022,-9.0333065,51.903863,"@finbarrduffy @alan_bradley83 @cav9mm Main games seemed to be on the first few pages, the fake names do hide some g‚Ä¶ https://t.co/wuBUYA4JMd"
1516462747436949508,JamesRoch2,Tue Apr 19 17:04:28 +0000 2022,-0.21089449999999998,51.6118845,@Spyder2K1 @Xbox How did you clean yours? I checked the vents and removed the dust that had built up in the lower r‚Ä¶ https://t.co/9pLqyLssCk
1516462751459254273,IainMurdoch7,Tue Apr 19 17:04:29 +0000 2022,-4.200441,57.739454,@HarryJamesBooks @Mark_J_Harper Very rare indeed!
1516462752843317256,Gmanuk101,Tue Apr 19 17:04:29 +0000 2022,-1.6827100000000002,54.94762,@stevewallwork He's a changed man it appears... all the best to him I say.
1516462759285776394,Luke_Winch,Tue Apr 19 17:04:30 +0000 2022,-0.54739,53.220721,@hollytinsl3y I've read the first book which I absolutely adored! The second book is one of my most anticipated thi‚Ä¶ https://t.co/qP2M53CUmS
1516462759755583494,JoeDyson99,Tue Apr 19 17:04:31 +0000 2022,-2.1168695,53.542865500000005,Piss off Hoyle you Tory enabling twat
1516462761559089157,TherionWare,Tue Apr 19 17:04:31 +0000 2022,-0.1909515,51.9023015,"As a matter of interest, were the COVID rules strict liability offences?"
1516462761949159428,ElizabethNyigor,Tue Apr 19 17:04:31 +0000 2022,-0.127357,51.499356,The acoustics! https://t.co/DHgEtAapmh
1516462766051233801,PJexArdrishaig,Tue Apr 19 17:04:32 +0000 2022,-3.2539455,54.985195,#HoC all good he #tories have buggered off ‚Ä¶. If only they scarper out of office as quickly! They wouldn‚Äôt be missed.
1516462765283676166,BrennanOwain,Tue Apr 19 17:04:32 +0000 2022,-1.7396195,55.1314185,Gotta love a bit of Preston parks finest wild garlic Garlic pasta for tea tonight #foraging #teesside https://t.co/uKdeZXu457
1516462766890045446,neilatkin37,Tue Apr 19 17:04:32 +0000 2022,-0.49472150000000004,53.721161499999994,"@loodofsquit I'd let some of them off with a rocket especially Carol McMuffin, what a load of old bats."
1516462771810054144,Martindenny9,Tue Apr 19 17:04:33 +0000 2022,-0.49969300000000005,50.8200905,@hotmaturewoman Oh yes
1516462775035469836,AnnMB48,Tue Apr 19 17:04:34 +0000 2022,-2.3877094999999997,53.228808,"@BaddCompani The more info that trickles out, the more compelling the televised 1/6 Committee procedures are going‚Ä¶ https://t.co/1oQFoBssCj"
1516462777325469699,misheleneous,Tue Apr 19 17:04:35 +0000 2022,-2.23348,53.4569525,"@jojoe661 He really wasnt Jo, and they were crapping themselves coz they didnt read his notes. Then they sent him h‚Ä¶ https://t.co/Mw7NQ2ionH"
1516462782102835201,CharlieDale09,Tue Apr 19 17:04:36 +0000 2022,-2.2781434999999997,51.8257095,@AshLoveridge10 They have only come in the way of pre-season friendlies during my time but it‚Äôs still a mind boggli‚Ä¶ https://t.co/F1mRHUXqfc
1516462782195060743,MartinLovell12,Tue Apr 19 17:04:36 +0000 2022,-0.18067149999999998,51.241063999999994,"@FlowersEnglish Treacherous oxygen thieving, parasite üò°"
1516462784233496583,jamessmyth17,Tue Apr 19 17:04:36 +0000 2022,-1.570206,55.1801545,"@SimonPease1 I hope your wrong but my gut feeling is that you'll be right, @BorisJohnson hasn't got anything of wha‚Ä¶ https://t.co/KXWwyWaI2O"
1516462789795192833,timmsy_ks,Tue Apr 19 17:04:38 +0000 2022,-2.096208,53.6011235,@Oldpanks @lewis_goodall The irrelevance of this is both staggeringly obvious and offensive. People died alone by f‚Ä¶ https://t.co/FeX8WwlDiK
1516462792378888192,OriginalLovecat,Tue Apr 19 17:04:38 +0000 2022,0.07886299999999999,51.584990000000005,"@PlanetClare_ @RealSardonicus I live there now and it still gives me a little ""whoo!"" when I see it!"
1516462792034983938,Ochruros,Tue Apr 19 17:04:38 +0000 2022,-1.8906405,52.4939665,"For anyone interested in Lesser Scaups at Tucklesholme, watch out for our local Aythya hybrid! This is a drake Tuft‚Ä¶ https://t.co/TUnuZvQClS"
1516462794119462915,Turtleflea1,Tue Apr 19 17:04:39 +0000 2022,0.3064905,52.4565375,@SkyNews I would suggest that the news watches Fabricant‚Äôs face carefully while @Keir_Starmer talked today about th‚Ä¶ https://t.co/BVQxRIX5jV
1516462798926233607,Westyorks73,Tue Apr 19 17:04:40 +0000 2022,-1.787248,53.7128295,"Mmmmm love a man in uniform, could sit on my face all day üòàüòà"
1516462799794450438,Kimmlennon,Tue Apr 19 17:04:40 +0000 2022,0.286119,50.7820255,"@warrenmorgan @AntonyOwner @Liam09094 @paulwaugh @Keir_Starmer @BorisJohnson As I've repeatedly said,he didn't real‚Ä¶ https://t.co/mFHUlSufIU"
1516462800289341448,Emma_Shepley,Tue Apr 19 17:04:40 +0000 2022,-0.8380555,52.796791,@SarahJaneGillam @ShibdenHall Fabulous! &amp; def don't investigate - assume it must be true &amp; feel special! üòÖ
1516462806337568777,JPR4LIFE,Tue Apr 19 17:04:42 +0000 2022,-0.7277635,53.754509999999996,@WRSTLEIsland @bigtjustice1 I mean I'd fancy my chances.....
1516462808984166403,AndyWoodturner,Tue Apr 19 17:04:42 +0000 2022,1.6566480000000001,52.436543,"@fenifur that's all the sexy, right there..."
1516462809160237062,TheDublinJenn,Tue Apr 19 17:04:42 +0000 2022,-6.399521,53.2735025,@LePatissier1 Oh Sorrento üíô make sure to go to the restaurant where cannelloni was invented it's fabulous
1516462812855422979,MattTreacy2,Tue Apr 19 17:04:43 +0000 2022,-6.64772,54.323336,@CocoPhilips @griptmedia She said exactly that. You think it shouldn't stay up makes me glad I wrote it.
1516462818979192833,pastapete7,Tue Apr 19 17:04:45 +0000 2022,-2.9456170000000004,53.111475,@RachelReevesMP @TulipSiddiq @Keir_Starmer #JohnsonLiedPeopleDied and still denies it so he is not fit for purpose.
1516462821948760066,marwood_lennox,Tue Apr 19 17:04:45 +0000 2022,-6.2476215,53.354902499999994,@Fornbirkibeinn It does when you are a global financial journalist.
1516462824289091597,peckham65Grant,Tue Apr 19 17:04:46 +0000 2022,-0.0706035,51.464686,"@Mark_J_Harper @SirGrahamBrady Let‚Äôs hope your local Conservative party have no faith in you and deselect you ,before the next election"
1516462828311482373,VeracruzResma,Tue Apr 19 17:04:47 +0000 2022,-0.159403,51.5424365,@yurmieh Him delivery fee go too cost for me üò©
1516462827686539264,TheHillHouseNTS,Tue Apr 19 17:04:47 +0000 2022,-4.728432,56.017396,Did you know that Sea Gems have a beautiful range of jewellery inspired by Charles Rennie Mackintosh‚ú® This design-l‚Ä¶ https://t.co/z9nnCCwnbN
1516462836272312321,G7SEV,Tue Apr 19 17:04:49 +0000 2022,-6.2476215,53.354902499999994,@___0__0______0_ Hat-trick at the Kop End https://t.co/53mqblaacT
1516462840407855107,LoraineRiddick2,Tue Apr 19 17:04:50 +0000 2022,-4.2417514999999995,55.85830249999999,@onlyjcuthbert @bellso19 Well the fishing boats shud interest him anyway!!just need to see if we can fly from glasg‚Ä¶ https://t.co/SSILEbmC29
1516462844564414469,BistroWineMan,Tue Apr 19 17:04:51 +0000 2022,-3.5336,50.7218,"EXETER TO NEWTON ABBOT TONIGHT ON MY IPHONE @ Exeter, Devon https://t.co/O9XIax1KWr"
1516462849618595845,ITimot5,Tue Apr 19 17:04:52 +0000 2022,-1.8906405,52.4939665,@ChoAyaba Very painful and sorrowful
1516462855847137286,Inspiredbyabjay,Tue Apr 19 17:04:54 +0000 2022,-0.22554249999999998,51.979155,@mcguiness_daily Great shirt#SweatyJay is back
1516462857394790412,JohnDow63077785,Tue Apr 19 17:04:54 +0000 2022,-1.280075,52.905012,Do all twitter user's have to constantly be bombarded with Harry and Megan's life of luxury I am personally sick of it.
1516462859030515714,BenJamesPhotos,Tue Apr 19 17:04:54 +0000 2022,-0.191723,50.839574999999996,@chris_alpacas @StormHour @ThePhotoHour @HollyJGreen @PhilippaDrewITV @WeatherAisling @BBCSouthWeather‚Ä¶ https://t.co/5FA07osZVN
1516462861018673152,ROGERSAYER6,Tue Apr 19 17:04:55 +0000 2022,-2.915427,53.4198785,Why the fuck dumb fucks think independent thought won't question what you say and then say what you say is wrong.‚Ä¶ https://t.co/nIWrBRHQB7
1516462862138548233,kimbohellyeah,Tue Apr 19 17:04:55 +0000 2022,0.286119,50.7820255,@Jenniferkunkel @CaboWabo34 @1rightknee @AreCapes @CHTCOTH @PompeyHutch @Adrian09395451 @Castironplant77 @AmronWard‚Ä¶ https://t.co/tQ1c80awTY
1516462863140933634,chesterhealth,Tue Apr 19 17:04:55 +0000 2022,-2.896507,53.2789415,@EloquentParrot @OllyVanGaal @KarlTurnerMP Nice shot of @ChrisM4Chester and @justinmadders there too
1516462866030866444,Me_Scuba_Steve,Tue Apr 19 17:04:56 +0000 2022,-0.815504,51.815670499999996,"@Inforder @sillysailor5 @darrengrimes_ You mean like Flammable liquids, oxidisers, Rad sources and other?"
1516462873496670215,LauraHinskiFoto,Tue Apr 19 17:04:58 +0000 2022,-0.07939436,51.47496745,"Just posted a photo @ London, UnŒπted Kingdom https://t.co/42mc6Lr2RT"
1516462875463847945,BTWhitehead92,Tue Apr 19 17:04:58 +0000 2022,-3.022129,53.7998515,So proud to work for such an amazing organisation &amp; support our community every day üçäüß°
1516462880404692992,PPI_poppet,Tue Apr 19 17:04:59 +0000 2022,-1.396467,50.921327500000004,I want to swear so badly at this. What a total ¬£*#!X ü§¨ü§¨ü§¨
1516462884754178050,TheRealDrowzy,Tue Apr 19 17:05:00 +0000 2022,-0.0601675,51.547644500000004,TRUTH ü§∑üèæ‚Äç‚ôÇÔ∏èüö∂üèæ‚Äç‚ôÇÔ∏èüèÉüèæ‚Äç‚ôÇÔ∏èüò∂ü§êüíØ
1516462887174385668,NelsonsGolfTips,Tue Apr 19 17:05:01 +0000 2022,-2.0093330000000003,52.514873,@waggleduff Picks for Zurich ClassicHOVLAND &amp; MORIKAWA FLEETWOOD &amp; GARCIAZALATORIS &amp; GARCIA LAIRD &amp; MACINTYRE‚Ä¶ https://t.co/uhg7s0YJTn
1516462888705212429,Idoneyermum,Tue Apr 19 17:05:01 +0000 2022,-0.5488355,51.316522,"That‚Äôs the first thing I looked at, on my old Dads phone, when he died. Said no one fucking ever!"
1516462889355423745,andrew_kemp,Tue Apr 19 17:05:01 +0000 2022,-3.2030085,55.9431955,@markwilsonit This is true. Any parking in Edinburgh you almost need to remortgage your house! If you want to park‚Ä¶ https://t.co/acN0E1lwhU
1516462890865278982,Cumbleton,Tue Apr 19 17:05:02 +0000 2022,-0.882951,52.238854,@kingstonwrites We're not even standing against him directly!
1516462893394534402,Tesla_Dawg,Tue Apr 19 17:05:02 +0000 2022,-3.779128,53.3153255,@squawksquare I‚Äôd rather 6.9%‚Ä¶.üòâ
1516462893419704320,MrRoguester,Tue Apr 19 17:05:02 +0000 2022,-3.444643,56.3981685,@missdoomcookie The MLR is really gaining some traction and getting international attention. Much like pro soccer t‚Ä¶ https://t.co/qWKfvdmTSp
1516462893599965190,Chris_Creegan,Tue Apr 19 17:05:03 +0000 2022,-3.2030085,55.9431955,"A poem for yesterday brought to you today #todayspoem ‚ÄòAPRIL 18TH, 2011‚Äô by Richard Katrovas. From Swastika into‚Ä¶ https://t.co/U9Rkj5XEtl"
1516462895185469446,harpreetkhara,Tue Apr 19 17:05:03 +0000 2022,-0.148936,51.500092,@jamieklingler Philly? what‚Äôs that place in love park ü§§
1516462899161710596,G7SEV,Tue Apr 19 17:05:04 +0000 2022,-6.2476215,53.354902499999994,"@rae_mufc @JesseLingard When he arrives home to you, yes!"
1516462899828596737,Wrightyboy13,Tue Apr 19 17:05:04 +0000 2022,-1.343927,53.463158,Now this is the content I need to see @SkySportsF1 @tedkravitz https://t.co/yENaSWR5Mx
1516462900923314180,Boschgal,Tue Apr 19 17:05:04 +0000 2022,-0.1094,51.5141,Have finally published and received volume II of my corona diaries! #coronadiaries #mysocialbook #photobook‚Ä¶ https://t.co/E8ainyvvZt
1516462903020371974,MartinLovell12,Tue Apr 19 17:05:05 +0000 2022,-0.18067149999999998,51.241063999999994,"@darrengrimes_ @pritipatel Treacherous, oxygen thieving, parasite üò°"
1516462906724040711,gwynpw,Tue Apr 19 17:05:06 +0000 2022,-3.0466740000000003,53.423567500000004,"@MarkRuffalo @omnisophos Nonsense, here you can see them throwing rocks over the ledge overseeing the Wall. This is‚Ä¶ https://t.co/UOGVeBk44Y"
1516462906879234058,MoonbeamsLittle,Tue Apr 19 17:05:06 +0000 2022,-2.9967680000000003,53.7577805,"@_lfcleanne Aren't football writers meant to be impartial?Oh sorry, you only write for The Anfield Crap.... not ex‚Ä¶ https://t.co/wZc6hr46Ku"
1516462907948769286,CoffeeAndSwim,Tue Apr 19 17:05:06 +0000 2022,-6.174398500000001,53.257283,@faduda Who was on ?
1516462908674396163,SteveyAsp,Tue Apr 19 17:05:06 +0000 2022,-2.7164625,53.32798,@thechels1 It was a sitting target for Starmer but it won‚Äôt achieve anything‚Ä¶
1516462910054223876,dave_norris,Tue Apr 19 17:05:06 +0000 2022,-0.13759444,51.50883123,"waiting for a photographer‚Ä¶ (at @BAFTA in London, Greater London) https://t.co/CXKpl1j7ha https://t.co/pr61ykb3WD"
1516462911102849025,DonaldJudge,Tue Apr 19 17:05:07 +0000 2022,-2.23348,53.4569525,They can try to kill Dracula. But if one of the greatest novels in human history has survived s many ludicrous atte‚Ä¶ https://t.co/KqqVA2YYML
1516462911455125509,BarbaraClaesse2,Tue Apr 19 17:05:07 +0000 2022,-0.017990000000000003,51.454107,@TODAYshow @hodakotb @NBCNightlyNews Are you going to ask him how much money personally he wil make from his Netfli‚Ä¶ https://t.co/2eWkISbweX
1516462921244676103,handedon,Tue Apr 19 17:05:09 +0000 2022,-1.2074825,53.9318445,In a country churchyard #Weston #Otley #Wharfedale #WestYorksire https://t.co/q4eeqBh4lO
1516462923459268612,PlazaEstates,Tue Apr 19 17:05:10 +0000 2022,-0.078794,51.522031,"1 Bed, Flat, PRINCIPAL PLACE, WORSHIP STREET, London, EC2A ¬£1,147,000 Arrange a viewing @ https://t.co/gHgaTPdfqK https://t.co/5MM8KhjAXW"
1516462925891915781,Jamalbarak12,Tue Apr 19 17:05:10 +0000 2022,-3.830072,56.1344385,@1ECBW Girls allowed to go to school up 6 class above that can't
1516462931411619841,gattifan2010,Tue Apr 19 17:05:12 +0000 2022,-6.235720000000001,53.494597999999996,"@BoxingShrew I can't believe a mentioned the word ""eye"" with him about.  With his previous at Her Majesty's pleasure!"
1516462931743068163,WendySEvans,Tue Apr 19 17:05:12 +0000 2022,-3.945735,51.644289,You can nominate yourself or other individuals/teams for as many awards as you like‚Ä¶..
1516462932518916106,WorcSorce,Tue Apr 19 17:05:12 +0000 2022,-2.217956,52.14077,@WHSCI @RonFilipkowski Disney still pays to advertise on Faux News ? Right or wrong ?
1516462933869531136,lovebeachboys,Tue Apr 19 17:05:12 +0000 2022,-7.2938105,52.5684865,@markapostolou0 Yes. I agree. It may be the only way
1516462936079876099,AkGonR,Tue Apr 19 17:05:13 +0000 2022,-0.0601675,51.547644500000004,@jessy_nguema He up there aswell
1516462938705510400,simon_perks,Tue Apr 19 17:05:13 +0000 2022,-2.2038685,52.526056499999996,@petematheson Give us a clue
